874,1,1,SHIRT-36-S,,313,470,,,NULL,17,0,08-10-17 0:29,,Piece,null
875,1,2,SHIRT-36-S,,213,320,,,NULL,16,0,09-10-17 0:29,,Piece,
876,1,3,SHIRT-36-S,,347,520,,,NULL,16,0,10-10-17 0:29,,Piece,
877,1,4,SHIRT-36-S,,433,650,,,NULL,21,0,11-10-17 0:29,,Piece,
878,1,5,SHIRT-36-S,,233,350,,,NULL,9,0,12-10-17 0:29,,Piece,
879,1,6,SHIRT-36-S,,567,850,,,NULL,1,0,13-10-17 0:29,,Piece,
880,1,34,SHIRT-36-S,,387,580,,,NULL,1,0,14-10-17 0:29,,Piece,
881,1,35,SHIRT-36-S,,500,750,,,NULL,1,0,15-10-17 0:29,,Piece,
882,1,7,SHIRT-38-M,,213,320,,,NULL,13,0,16-10-17 0:29,,Piece,
883,1,8,SHIRT-38-M,,433,650,,,NULL,34,0,17-10-17 0:29,,Piece,
884,1,9,SHIRT-38-M,,313,470,,,NULL,21,0,18-10-17 0:29,,Piece,
885,1,10,SHIRT-38-M,,363,545,,,NULL,20,0,19-10-17 0:29,,Piece,
886,1,11,SHIRT-38-M,,283,425,,,NULL,26,0,20-10-17 0:29,,Piece,
887,1,12,SHIRT-38-M,,567,850,,,NULL,28,0,21-10-17 0:29,,Piece,
888,1,13,SHIRT-38-M,,233,350,,,NULL,8,0,22-10-17 0:29,,Piece,
889,1,41,SHIRT-38-M,,500,750,,,NULL,21,0,23-10-17 0:29,,Piece,
890,1,42,SHIRT-38-M,,393,590,,,NULL,2,0,24-10-17 0:29,,Piece,
891,1,43,SHIRT-38-M,,173,260,,,NULL,19,0,25-10-17 0:29,,Piece,
892,1,14,SHIRT-40-L,,213,320,,,NULL,7,0,26-10-17 0:29,,Piece,
893,1,15,SHIRT-40-L,,233,350,,,NULL,8,0,27-10-17 0:29,,Piece,
894,1,16,SHIRT-40-L,,283,425,,,NULL,27,0,28-10-17 0:29,,Piece,
895,1,17,SHIRT-40-L,,313,470,,,NULL,26,0,29-10-17 0:29,,Piece,
896,1,18,SHIRT-40-L,,433,650,,,NULL,26,0,30-10-17 0:29,,Piece,
897,1,19,SHIRT-40-L,,567,850,,,NULL,38,0,31-10-17 0:29,,Piece,
898,1,20,SHIRT-40-L,,363,545,,,NULL,20,0,01-11-17 0:29,,Piece,
899,1,36,SHIRT-40-L,,347,520,,,NULL,2,0,02-11-17 0:29,,Piece,
900,1,39,SHIRT-40-L,,125,188,,,NULL,1,0,03-11-17 0:29,,Piece,
901,1,44,SHIRT-40-L,,173,260,,,NULL,20,0,04-11-17 0:29,,Piece,
902,1,46,SHIRT-40-L,,500,750,,,NULL,16,0,05-11-17 0:29,,Piece,
903,1,49,SHIRT-40-L,,393,590,,,NULL,9,0,06-11-17 0:29,,Piece,
904,1,21,SHIRT-42-XL,,233,350,,,NULL,9,0,07-11-17 0:29,,Piece,
905,1,22,SHIRT-42-XL,,313,470,,,NULL,19,0,08-11-17 0:29,,Piece,
906,1,23,SHIRT-42-XL,,213,320,,,NULL,6,0,09-11-17 0:29,,Piece,
907,1,24,SHIRT-42-XL,,433,650,,,NULL,32,0,10-11-17 0:29,,Piece,
908,1,25,SHIRT-42-XL,,567,850,,,NULL,37,0,11-11-17 0:29,,Piece,
909,1,26,SHIRT-42-XL,,283,425,,,NULL,14,0,12-11-17 0:29,,Piece,
910,1,27,SHIRT-42-XL,,350,525,,,NULL,8,0,13-11-17 0:29,,Piece,
911,1,28,SHIRT-42-XL,,363,545,,,NULL,13,0,14-11-17 0:29,,Piece,
912,1,37,SHIRT-42-XL,,387,580,,,NULL,1,0,15-11-17 0:29,,Piece,
913,1,40,SHIRT-42-XL,,125,188,,,NULL,1,0,16-11-17 0:29,,Piece,
914,1,45,SHIRT-42-XL,,173,260,,,NULL,17,0,17-11-17 0:29,,Piece,
915,1,47,SHIRT-42-XL,,393,590,,,NULL,8,0,18-11-17 0:29,,Piece,
916,1,48,SHIRT-42-XL,,500,750,,,NULL,7,0,19-11-17 0:29,,Piece,
917,1,29,SHIRT-44-2XL,,283,425,,,NULL,13,0,20-11-17 0:29,,Piece,
918,1,30,SHIRT-44-2XL,,363,545,,,NULL,10,0,21-11-17 0:29,,Piece,
919,1,31,SHIRT-44-2XL,,433,650,,,NULL,6,0,22-11-17 0:29,,Piece,
920,1,32,SHIRT-44-2XL,,567,850,,,NULL,6,0,23-11-17 0:29,,Piece,
921,1,38,SHIRT-44-2XL,,410,615,,,NULL,6,0,24-11-17 0:29,,Piece,
922,1,33,SHIRT-46-3XL,,567,850,,,NULL,6,0,25-11-17 0:29,,Piece,
923,1,50,JEANS PANT-28,,533,800,,,NULL,8,0,26-11-17 0:29,,Piece,
924,1,51,JEANS PANT-28,,666,999,,,NULL,5,0,27-11-17 0:29,,Piece,
925,1,52,JEANS PANT-28,,400,600,,,NULL,9,0,28-11-17 0:29,,Piece,
926,1,53,JEANS PANT-28,,347,520,,,NULL,5,0,29-11-17 0:29,,Piece,
927,1,54,JEANS PANT-30,,666,999,,,NULL,16,0,30-11-17 0:29,,Piece,
928,1,55,JEANS PANT-30,,400,600,,,NULL,11,0,01-12-17 0:29,,Piece,
929,1,56,JEANS PANT-30,,347,520,,,NULL,11,0,02-12-17 0:29,,Piece,
930,1,57,JEANS PANT-30,,533,800,,,NULL,9,0,03-12-17 0:29,,Piece,
931,1,58,JEANS PANT-32,,666,999,,,NULL,14,0,04-12-17 0:29,,Piece,
932,1,59,JEANS PANT-32,,400,600,,,NULL,5,0,05-12-17 0:29,,Piece,
933,1,60,JEANS PANT-32,,533,800,,,NULL,4,0,06-12-17 0:29,,Piece,
934,1,61,JEANS PANT-32,,347,520,,,NULL,9,0,07-12-17 0:29,,Piece,
935,1,62,JEANS PANT-34,,666,999,,,NULL,9,0,08-12-17 0:29,,Piece,
936,1,63,JEANS PANT-34,,267,400,,,NULL,2,0,09-12-17 0:29,,Piece,
937,1,64,JEANS PANT-34,,400,600,,,NULL,8,0,10-12-17 0:29,,Piece,
938,1,65,JEANS PANT-34,,533,800,,,NULL,4,0,11-12-17 0:29,,Piece,
939,1,66,JEANS PANT-34,,347,520,,,NULL,4,0,12-12-17 0:29,,Piece,
940,1,67,JEANS PANT-36,,666,999,,,NULL,9,0,13-12-17 0:29,,Piece,
941,1,68,JEANS PANT-36,,567,850,,,NULL,7,0,14-12-17 0:29,,Piece,
942,1,69,JEANS PANT-36,,267,400,,,NULL,2,0,15-12-17 0:29,,Piece,
943,1,70,JEANS PANT-36,,347,520,,,NULL,5,0,16-12-17 0:29,,Piece,
944,1,71,JEANS PANT-36,,400,600,,,NULL,7,0,17-12-17 0:29,,Piece,
945,1,72,JEANS PANT-38,,400,600,,,NULL,5,0,18-12-17 0:29,,Piece,
946,1,73,JEANS PANT-40,,473,710,,,NULL,5,0,19-12-17 0:29,,Piece,
947,1,74,COTTON PANT-28,,533,800,,,NULL,8,0,20-12-17 0:29,,Piece,
948,1,75,COTTON PANT-28,,347,520,,,NULL,4,0,21-12-17 0:29,,Piece,
949,1,76,COTTON PANT-28,,313,470,,,NULL,10,0,22-12-17 0:29,,Piece,
950,1,77,COTTON PANT-28,,280,420,,,NULL,9,0,23-12-17 0:29,,Piece,
951,1,78,COTTON PANT-30,,433,650,,,NULL,3,0,24-12-17 0:29,,Piece,
952,1,79,COTTON PANT-30,,567,850,,,NULL,8,0,25-12-17 0:29,,Piece,
953,1,80,COTTON PANT-30,,347,520,,,NULL,6,0,26-12-17 0:29,,Piece,
954,1,81,COTTON PANT-30,,313,470,,,NULL,20,0,27-12-17 0:29,,Piece,
955,1,82,COTTON PANT-30,,280,420,,,NULL,10,0,28-12-17 0:29,,Piece,
956,1,83,COTTON PANT-32,,400,600,,,NULL,5,0,29-12-17 0:29,,Piece,
957,1,84,COTTON PANT-32,,567,850,,,NULL,6,0,30-12-17 0:29,,Piece,
958,1,85,COTTON PANT-32,,347,520,,,NULL,6,0,31-12-17 0:29,,Piece,
959,1,86,COTTON PANT-32,,313,470,,,NULL,11,0,01-01-18 0:29,,Piece,
960,1,87,COTTON PANT-32,,280,420,,,NULL,8,0,02-01-18 0:29,,Piece,
961,1,88,COTTON PANT-32,,500,750,,,NULL,2,0,03-01-18 0:29,,Piece,
962,1,89,COTTON PANT-34,,567,850,,,NULL,7,0,04-01-18 0:29,,Piece,
963,1,90,COTTON PANT-34,,400,600,,,NULL,5,0,05-01-18 0:29,,Piece,
964,1,91,COTTON PANT-34,,347,520,,,NULL,4,0,06-01-18 0:29,,Piece,
965,1,92,COTTON PANT-34,,313,470,,,NULL,5,0,07-01-18 0:29,,Piece,
966,1,93,COTTON PANT-34,,280,420,,,NULL,8,0,08-01-18 0:29,,Piece,
967,1,94,COTTON PANT-36,,567,850,,,NULL,9,0,09-01-18 0:29,,Piece,
968,1,95,COTTON PANT-36,,400,600,,,NULL,2,0,10-01-18 0:29,,Piece,
969,1,96,COTTON PANT-36,,347,520,,,NULL,5,0,11-01-18 0:29,,Piece,
970,1,97,COTTON PANT-36,,313,470,,,NULL,4,0,12-01-18 0:29,,Piece,
971,1,98,COTTON PANT-36,,280,420,,,NULL,2,0,13-01-18 0:29,,Piece,
972,1,99,COTTON PANT-38,,353,530,,,NULL,7,0,14-01-18 0:29,,Piece,
973,1,100,COTTON PANT-38,,400,600,,,NULL,3,0,15-01-18 0:29,,Piece,
974,1,101,COTTON PANT-40,,400,600,,,NULL,3,0,16-01-18 0:29,,Piece,
975,1,102,COTTON PANT-40,,353,530,,,NULL,7,0,17-01-18 0:29,,Piece,
976,1,103,BOYS-JNS-PNT-20,,300,450,,,NULL,2,0,18-01-18 0:29,,Piece,
977,1,104,BOYS-JNS-PNT-20,,200,300,,,NULL,5,0,19-01-18 0:29,,Piece,
978,1,105,BOYS-JNS-PNT-22,,347,520,,,NULL,8,0,20-01-18 0:29,,Piece,
979,1,106,BOYS-JNS-PNT-22,,260,390,,,NULL,5,0,21-01-18 0:29,,Piece,
980,1,107,BOYS-JNS-PNT-22,,200,300,,,NULL,5,0,22-01-18 0:29,,Piece,
981,1,108,BOYS-JNS-PNT-24,,347,520,,,NULL,9,0,23-01-18 0:29,,Piece,
982,1,109,BOYS-JNS-PNT-24,,200,300,,,NULL,7,0,24-01-18 0:29,,Piece,
983,1,110,BOYS-JNS-PNT-24,,260,390,,,NULL,3,0,25-01-18 0:29,,Piece,
984,1,111,BOYS-JNS-PNT-26,,207,310,,,NULL,6,0,26-01-18 0:29,,Piece,
985,1,112,BOYS-JNS-PNT-26,,310,465,,,NULL,6,0,27-01-18 0:29,,Piece,
986,1,113,BOYS-JNS-PNT-26,,353,530,,,NULL,3,0,28-01-18 0:29,,Piece,
987,1,114,BOYS-JNS-PNT-26,,260,390,,,NULL,2,0,29-01-18 0:29,,Piece,
988,1,115,BOYS-JNS-PNT-28,,353,530,,,NULL,10,0,30-01-18 0:29,,Piece,
989,1,116,BOYS-JNS-PNT-28,,207,310,,,NULL,10,0,31-01-18 0:29,,Piece,
990,1,117,BOYS-JNS-PNT-28,,310,465,,,NULL,5,0,01-02-18 0:29,,Piece,
991,1,118,BOYS-JNS-PNT-30,,260,390,,,NULL,4,0,02-02-18 0:29,,Piece,
992,1,119,BOYS-JNS-PNT-30,,207,310,,,NULL,9,0,03-02-18 0:29,,Piece,
993,1,120,BOYS-JNS-PNT-30,,310,465,,,NULL,4,0,04-02-18 0:29,,Piece,
994,1,121,BOYS-JNS-PNT-30,,213,320,,,NULL,8,0,05-02-18 0:29,,Piece,
995,1,122,BOYS-JNS-PNT-32,,267,400,,,NULL,6,0,06-02-18 0:29,,Piece,
996,1,123,BOYS-JNS-PNT-32,,313,470,,,NULL,4,0,07-02-18 0:29,,Piece,
997,1,124,BOYS-JNS-PNT-32,,353,530,,,NULL,6,0,08-02-18 0:29,,Piece,
998,1,125,BOYS-JNS-PNT-34,,353,530,,,NULL,6,0,09-02-18 0:29,,Piece,
999,1,126,BOYS-JNS-PNT-34,,233,350,,,NULL,2,0,10-02-18 0:29,,Piece,
1000,1,127,BOYS-JNS-PNT-34,,313,470,,,NULL,6,0,11-02-18 0:29,,Piece,
1001,1,128,BOYS-JNS-PNT-36,,233,350,,,NULL,7,0,12-02-18 0:29,,Piece,
1002,1,129,BOYS-JNS-PNT-36,,313,470,,,NULL,7,0,13-02-18 0:29,,Piece,
1003,1,130,BOYS-JNS-PNT-36,,360,540,,,NULL,7,0,14-02-18 0:29,,Piece,
1004,1,131,BOYS-JNS-PNT-38,,260,390,,,NULL,6,0,15-02-18 0:29,,Piece,
1005,1,132,BOYS-JNS-PNT-38,,360,540,,,NULL,7,0,16-02-18 0:29,,Piece,
1006,1,133,BOYS-JNS-PNT-38,,313,470,,,NULL,5,0,17-02-18 0:29,,Piece,
1007,1,134,BOYS-JNS-PNT-40,,360,540,,,NULL,11,0,18-02-18 0:29,,Piece,
1008,1,135,BOYS-JNS-PNT-40,,260,390,,,NULL,3,0,19-02-18 0:29,,Piece,
1009,1,136,BOYS-JNS-PNT-40,,313,470,,,NULL,5,0,20-02-18 0:29,,Piece,
1010,1,137,BOYS-CTN-PNT-20,,260,390,,,NULL,6,0,21-02-18 0:29,,Piece,
1011,1,138,BOYS-CTN-PNT-22,,227,340,,,NULL,14,0,22-02-18 0:29,,Piece,
1012,1,139,BOYS-CTN-PNT-22,,387,580,,,NULL,4,0,23-02-18 0:29,,Piece,
1013,1,140,BOYS-CTN-PNT-24,,227,340,,,NULL,10,0,24-02-18 0:29,,Piece,
1014,1,141,BOYS-CTN-PNT-24,,387,580,,,NULL,4,0,25-02-18 0:29,,Piece,
1015,1,142,BOYS-CTN-PNT-24,,260,390,,,NULL,2,0,26-02-18 0:29,,Piece,
1016,1,143,BOYS-CTN-PNT-26,,260,390,,,NULL,6,0,27-02-18 0:29,,Piece,
1017,1,144,BOYS-CTN-PNT-26,,227,340,,,NULL,6,0,28-02-18 0:29,,Piece,
1018,1,145,BOYS-CTN-PNT-26,,387,580,,,NULL,4,0,01-03-18 0:29,,Piece,
1019,1,146,BOYS-CTN-PNT-28,,227,340,,,NULL,15,0,02-03-18 0:29,,Piece,
1020,1,147,BOYS-CTN-PNT-28,,387,580,,,NULL,4,0,03-03-18 0:29,,Piece,
1021,1,148,BOYS-CTN-PNT-30,,227,340,,,NULL,16,0,04-03-18 0:29,,Piece,
1022,1,149,BOYS-CTN-PNT-30,,387,580,,,NULL,4,0,05-03-18 0:29,,Piece,
1023,1,150,BOYS-CTN-PNT-32,,387,580,,,NULL,4,0,06-03-18 0:29,,Piece,
1024,1,151,BOYS-CTN-PNT-32,,227,340,,,NULL,12,0,07-03-18 0:29,,Piece,
1025,1,152,BOYS-CTN-PNT-32,,283,425,,,NULL,7,0,08-03-18 0:29,,Piece,
1026,1,153,BOYS-CTN-PNT-34,,227,340,,,NULL,5,0,09-03-18 0:29,,Piece,
1027,1,154,BOYS-CTN-PNT-34,,283,425,,,NULL,9,0,10-03-18 0:29,,Piece,
1028,1,155,BOYS-CTN-PNT-34,,380,570,,,NULL,2,0,11-03-18 0:29,,Piece,
1029,1,156,BOYS-CTN-PNT-34,,397,595,,,NULL,3,0,12-03-18 0:29,,Piece,
1030,1,157,BOYS-CTN-PNT-36,,397,595,,,NULL,2,0,13-03-18 0:29,,Piece,
1031,1,158,BOYS-CTN-PNT-36,,380,570,,,NULL,2,0,14-03-18 0:29,,Piece,
1032,1,159,BOYS-CTN-PNT-36,,227,340,,,NULL,10,0,15-03-18 0:29,,Piece,
1033,1,160,BOYS-CTN-PNT-36,,283,425,,,NULL,10,0,16-03-18 0:29,,Piece,
1034,1,161,BOYS-CTN-PNT-38,,380,570,,,NULL,2,0,17-03-18 0:29,,Piece,
1035,1,162,BOYS-CTN-PNT-38,,397,595,,,NULL,3,0,18-03-18 0:29,,Piece,
1036,1,163,BOYS-CTN-PNT-38,,227,340,,,NULL,8,0,19-03-18 0:29,,Piece,
1037,1,164,BOYS-CTN-PNT-38,,283,425,,,NULL,9,0,20-03-18 0:29,,Piece,
1038,1,165,BOYS-CTN-PNT-40,,227,340,,,NULL,7,0,21-03-18 0:29,,Piece,
1039,1,166,BOYS-CTN-PNT-40,,283,425,,,NULL,9,0,22-03-18 0:29,,Piece,
1040,1,167,BOYS-CTN-PNT-40,,397,595,,,NULL,3,0,23-03-18 0:29,,Piece,
1041,1,168,BOYS-CTN-PNT-40,,380,570,,,NULL,2,0,24-03-18 0:29,,Piece,
1042,1,169,BOYS-SHIRT-20,,180,270,,,NULL,5,0,25-03-18 0:29,,Piece,
1043,1,170,BOYS-SHIRT-20,,200,300,,,NULL,2,0,26-03-18 0:29,,Piece,
1044,1,171,BOYS-SHIRT-20,,230,345,,,NULL,4,0,27-03-18 0:29,,Piece,
1045,1,172,BOYS-SHIRT-22,,187,280,,,NULL,2,0,28-03-18 0:29,,Piece,
1046,1,173,BOYS-SHIRT-22,,230,345,,,NULL,6,0,29-03-18 0:29,,Piece,
1047,1,174,BOYS-SHIRT-24,,160,240,,,NULL,3,0,30-03-18 0:29,,Piece,
1048,1,175,BOYS-SHIRT-24,,200,300,,,NULL,4,0,31-03-18 0:29,,Piece,
1049,1,176,BOYS-SHIRT-24,,230,345,,,NULL,2,0,01-04-18 0:29,,Piece,
1050,1,177,BOYS-SHIRT-26,,187,280,,,NULL,2,0,02-04-18 0:29,,Piece,
1051,1,178,BOYS-SHIRT-26,,297,445,,,NULL,5,0,03-04-18 0:29,,Piece,
1052,1,179,BOYS-SHIRT-26,,360,540,,,NULL,2,0,04-04-18 0:29,,Piece,
1053,1,180,BOYS-SHIRT-28,,230,345,,,NULL,3,0,05-04-18 0:29,,Piece,
1054,1,181,BOYS-SHIRT-28,,297,445,,,NULL,4,0,06-04-18 0:29,,Piece,
1055,1,182,BOYS-SHIRT-28,,187,280,,,NULL,6,0,07-04-18 0:29,,Piece,
1056,1,183,BOYS-SHIRT-28,,360,540,,,NULL,5,0,08-04-18 0:29,,Piece,
1057,1,184,BOYS-SHIRT-30,,187,280,,,NULL,5,0,09-04-18 0:29,,Piece,
1058,1,185,BOYS-SHIRT-30,,297,445,,,NULL,5,0,10-04-18 0:29,,Piece,
1059,1,186,BOYS-SHIRT-30,,360,540,,,NULL,3,0,11-04-18 0:29,,Piece,
1060,1,187,BOYS-SHIRT-32,,230,345,,,NULL,10,0,12-04-18 0:29,,Piece,
1061,1,188,BOYS-SHIRT-32,,297,445,,,NULL,11,0,13-04-18 0:29,,Piece,
1062,1,189,BOYS-SHIRT-32,,360,540,,,NULL,8,0,14-04-18 0:29,,Piece,
1063,1,190,BOYS-SHIRT-34,,167,250,,,NULL,3,0,15-04-18 0:29,,Piece,
1064,1,191,BOYS-SHIRT-34,,230,345,,,NULL,4,0,16-04-18 0:29,,Piece,
1065,1,192,BOYS-SHIRT-34,,360,540,,,NULL,7,0,17-04-18 0:29,,Piece,
1066,1,193,BOYS-SHIRT-34,,297,445,,,NULL,12,0,18-04-18 0:29,,Piece,
1067,1,194,BOYS-SHIRT-34,,200,300,,,NULL,2,0,19-04-18 0:29,,Piece,
1068,1,195,BOYS-SHIRT-36,,200,300,,,NULL,3,0,20-04-18 0:29,,Piece,
1069,1,196,BOYS-SHIRT-36,,230,345,,,NULL,5,0,21-04-18 0:29,,Piece,
1070,1,197,BOYS-SHIRT-36,,297,445,,,NULL,13,0,22-04-18 0:29,,Piece,
1071,1,198,BOYS-SHIRT-36,,360,540,,,NULL,3,0,23-04-18 0:29,,Piece,
1072,1,199,3/4 PANTS -SHORT,,100,150,,,NULL,1,0,24-04-18 0:29,,Piece,
1073,1,200,3/4 PANTS -SHORT,,127,190,,,NULL,6,0,25-04-18 0:29,,Piece,
1074,1,201,3/4 PANTS -SHORT,,180,270,,,NULL,41,0,26-04-18 0:29,,Piece,
1075,1,202,3/4 PANTS -LARGE,,180,270,,,NULL,9,0,27-04-18 0:29,,Piece,
1076,1,203,3/4 PANTS -LARGE,,207,310,,,NULL,12,0,28-04-18 0:29,,Piece,
1077,1,204,3/4 PANTS -LARGE,,300,450,,,NULL,12,0,29-04-18 0:29,,Piece,
1078,1,205,KURTHA-KIDS -20,,313,470,,,NULL,2,0,30-04-18 0:29,,Piece,
1079,1,206,KURTHA-KIDS -22,,313,470,,,NULL,3,0,01-05-18 0:29,,Piece,
1080,1,207,KURTHA-KIDS -24,,313,470,,,NULL,4,0,02-05-18 0:29,,Piece,
1081,1,208,KURTHA-KIDS -26,,313,470,,,NULL,2,0,03-05-18 0:29,,Piece,
1082,1,209,KURTHA-KIDS -28,,313,470,,,NULL,2,0,04-05-18 0:29,,Piece,
1083,1,210,KURTHA-KIDS -30,,313,470,,,NULL,2,0,05-05-18 0:29,,Piece,
1084,1,211,GIRLS-JNS-PNT-22,,273,410,,,NULL,1,0,06-05-18 0:29,,Piece,
1085,1,212,GIRLS-JNS-PNT-24,,273,410,,,NULL,1,0,07-05-18 0:29,,Piece,
1086,1,213,GIRLS-JNS-PNT-26,,273,410,,,NULL,0,0,08-05-18 0:29,,Piece,
1087,1,214,GIRLS-JNS-PNT-26,,443,665,,,NULL,1,0,09-05-18 0:29,,Piece,
1088,1,215,GIRLS-JNS-PNT-28,,220,330,,,NULL,5,0,10-05-18 0:29,,Piece,
1089,1,216,GIRLS-JNS-PNT-28,,280,420,,,NULL,3,0,11-05-18 0:29,,Piece,
1090,1,217,GIRLS-JNS-PNT-28,,443,665,,,NULL,1,0,12-05-18 0:29,,Piece,
1091,1,218,GIRLS-JNS-PNT-28,,327,490,,,NULL,6,0,13-05-18 0:29,,Piece,
1092,1,219,GIRLS-JNS-PNT-28,,373,560,,,NULL,5,0,14-05-18 0:29,,Piece,
1093,1,220,GIRLS-JNS-PNT-30,,220,330,,,NULL,6,0,15-05-18 0:29,,Piece,
1094,1,221,GIRLS-JNS-PNT-30,,373,560,,,NULL,6,0,16-05-18 0:29,,Piece,
1095,1,222,GIRLS-JNS-PNT-30,,443,665,,,NULL,1,0,17-05-18 0:29,,Piece,
1096,1,223,GIRLS-JNS-PNT-30,,280,420,,,NULL,3,0,18-05-18 0:29,,Piece,
1097,1,224,GIRLS-JNS-PNT-30,,327,490,,,NULL,6,0,19-05-18 0:29,,Piece,
1098,1,225,GIRLS-JNS-PNT-32,,220,330,,,NULL,7,0,20-05-18 0:29,,Piece,
1099,1,226,GIRLS-JNS-PNT-32,,373,560,,,NULL,6,0,21-05-18 0:29,,Piece,
1100,1,227,GIRLS-JNS-PNT-32,,280,420,,,NULL,2,0,22-05-18 0:29,,Piece,
1101,1,228,GIRLS-JNS-PNT-32,,443,665,,,NULL,2,0,23-05-18 0:29,,Piece,
1102,1,229,GIRLS-JNS-PNT-32,,327,490,,,NULL,6,0,24-05-18 0:29,,Piece,
1103,1,230,GIRLS-JNS-PNT-34,,327,490,,,NULL,5,0,25-05-18 0:29,,Piece,
1104,1,231,GIRLS-JNS-PNT-34,,373,560,,,NULL,3,0,26-05-18 0:29,,Piece,
1105,1,232,GIRLS-JNS-PNT-36,,327,490,,,NULL,2,0,27-05-18 0:29,,Piece,
1106,1,233,GIRLS-JNS-PNT-36,,373,560,,,NULL,3,0,28-05-18 0:29,,Piece,
1107,1,234,GIRLS-JNS-PNT-36,,443,665,,,NULL,2,0,29-05-18 0:29,,Piece,
1108,1,235,GIRLS-JNS-PNT-38,,373,560,,,NULL,3,0,30-05-18 0:29,,Piece,
1109,1,236,GIRLS-JNS-PNT-38,,443,665,,,NULL,2,0,31-05-18 0:29,,Piece,
1110,1,237,GIRLS-JNS-PNT-40,,373,560,,,NULL,3,0,01-06-18 0:29,,Piece,
1111,1,238,GIRLS-JNS-PNT-40,,443,665,,,NULL,2,0,02-06-18 0:29,,Piece,
1112,1,239,LEGGINGS-S,,73,110,,,NULL,1,0,03-06-18 0:29,,Piece,
1113,1,240,LEGGINGS-M,,73,110,,,NULL,3,0,04-06-18 0:29,,Piece,
1114,1,241,LEGGINGS-L,,73,110,,,NULL,8,0,05-06-18 0:29,,Piece,
1115,1,242,LEGGINGS-26,,67,100,,,NULL,6,0,06-06-18 0:29,,Piece,
1116,1,243,LEGGINGS-28,,67,100,,,NULL,5,0,07-06-18 0:29,,Piece,
1117,1,244,LEGGINGS-30,,67,100,,,NULL,7,0,08-06-18 0:29,,Piece,
1118,1,245,LEGGINGS-32,,67,100,,,NULL,6,0,09-06-18 0:29,,Piece,
1119,1,246,LEGGINGS-34,,67,100,,,NULL,5,0,10-06-18 0:29,,Piece,
1120,1,247,LEGGINGS-36,,67,100,,,NULL,5,0,11-06-18 0:29,,Piece,
1121,1,248,LEGGINGS-XL,,73,110,,,NULL,68,0,12-06-18 0:29,,Piece,
1122,1,249,LEGGINGS-2XL,,80,120,,,NULL,94,0,13-06-18 0:29,,Piece,
1123,1,250,ROSHNI-LEGGINGS-L,,210,315,,,NULL,12,0,14-06-18 0:29,,Piece,
1124,1,251,ROSHNI-LEGGINGS-XL,,210,315,,,NULL,11,0,15-06-18 0:29,,Piece,
1125,1,252,ROSHNI-LEGGINGS-2XL,,233,350,,,NULL,19,0,16-06-18 0:29,,Piece,
1126,1,253,PATTIYALA-XL,,120,180,,,NULL,77,0,17-06-18 0:29,,Piece,
1127,1,254,PATTIYALA-2XL,,147,220,,,NULL,32,0,18-06-18 0:29,,Piece,
1128,1,255,SAREE,,217,325,,,NULL,26,0,19-06-18 0:29,,Piece,
1129,1,256,SAREE,,300,450,,,NULL,24,0,20-06-18 0:29,,Piece,
1130,1,257,SAREE,,260,390,,,NULL,16,0,21-06-18 0:29,,Piece,
1131,1,258,SAREE,,333,500,,,NULL,9,0,22-06-18 0:29,,Piece,
1132,1,259,SAREE,,393,590,,,NULL,9,0,23-06-18 0:29,,Piece,
1133,1,260,SAREE,,433,650,,,NULL,19,0,24-06-18 0:29,,Piece,
1134,1,261,SAREE,,67,100,,,NULL,6,0,25-06-18 0:29,,Piece,
1135,1,262,SAREE,,87,130,,,NULL,13,0,26-06-18 0:29,,Piece,
1136,1,263,SAREE,,213,320,,,NULL,18,0,27-06-18 0:29,,Piece,
1137,1,264,SAREE,,267,400,,,NULL,17,0,28-06-18 0:29,,Piece,
1138,1,265,SAREE,,253,380,,,NULL,10,0,29-06-18 0:29,,Piece,
1139,1,266,SAREE,,267,400,,,NULL,7,0,30-06-18 0:29,,Piece,
1140,1,267,SAREE,,400,600,,,NULL,2,0,01-07-18 0:29,,Piece,
1141,1,268,SAREE,,240,360,,,NULL,2,0,02-07-18 0:29,,Piece,
1142,1,269,SAREE,,567,850,,,NULL,6,0,03-07-18 0:29,,Piece,
1143,1,270,CHUDI-20,,267,400,,,NULL,1,0,04-07-18 0:29,,Piece,
1144,1,271,CHUDI-22,,267,400,,,NULL,2,0,05-07-18 0:29,,Piece,
1145,1,272,CHUDI-22,,433,650,,,NULL,2,0,06-07-18 0:29,,Piece,
1146,1,273,CHUDI-24,,567,850,,,NULL,2,0,07-07-18 0:29,,Piece,
1147,1,274,CHUDI-24,,267,400,,,NULL,1,0,08-07-18 0:29,,Piece,
1148,1,275,CHUDI-24,,433,650,,,NULL,5,0,09-07-18 0:29,,Piece,
1149,1,276,CHUDI-26,,433,650,,,NULL,4,0,10-07-18 0:29,,Piece,
1150,1,277,CHUDI-26,,567,850,,,NULL,3,0,11-07-18 0:29,,Piece,
1151,1,278,CHUDI-28,,600,900,,,NULL,2,0,12-07-18 0:29,,Piece,
1152,1,279,CHUDI-28,,467,700,,,NULL,2,0,13-07-18 0:29,,Piece,
1153,1,280,CHUDI-28,,300,450,,,NULL,1,0,14-07-18 0:29,,Piece,
1154,1,281,CHUDI-30,,467,700,,,NULL,4,0,15-07-18 0:29,,Piece,
1155,1,282,CHUDI-30,,300,450,,,NULL,2,0,16-07-18 0:29,,Piece,
1156,1,283,CHUDI-30,,600,900,,,NULL,1,0,17-07-18 0:29,,Piece,
1157,1,284,CHUDI-32,,367,550,,,NULL,7,0,18-07-18 0:29,,Piece,
1158,1,285,CHUDI-34,,600,900,,,NULL,1,0,19-07-18 0:29,,Piece,
1159,1,286,CHUDI-34,,467,700,,,NULL,1,0,20-07-18 0:29,,Piece,
1160,1,287,CHUDI-34,,333,500,,,NULL,1,0,21-07-18 0:29,,Piece,
1161,1,288,CHUDI-36,,633,950,,,NULL,4,0,22-07-18 0:29,,Piece,
1162,1,289,CHUDI-36,,533,800,,,NULL,2,0,23-07-18 0:29,,Piece,
1163,1,290,CHUDI-38,,267,400,,,NULL,1,0,24-07-18 0:29,,Piece,
1164,1,291,CHUDI-38,,633,950,,,NULL,4,0,25-07-18 0:29,,Piece,
1165,1,292,CHUDI-38,,467,700,,,NULL,1,0,26-07-18 0:29,,Piece,
1166,1,293,CHUDI-40,,400,600,,,NULL,1,0,27-07-18 0:29,,Piece,
1167,1,294,CHUDI-L,,400,600,,,NULL,1,0,28-07-18 0:29,,Piece,
1168,1,295,CHUDI-L,,833,1250,,,NULL,4,0,29-07-18 0:29,,Piece,
1169,1,296,CHUDI-L,,800,1200,,,NULL,2,0,30-07-18 0:29,,Piece,
1170,1,297,CHUDI-L,,1100,1650,,,NULL,4,0,31-07-18 0:29,,Piece,
1171,1,298,CHUDI-XL,,533,800,,,NULL,1,0,01-08-18 0:29,,Piece,
1172,1,299,CHUDI-XL,,833,1250,,,NULL,4,0,02-08-18 0:29,,Piece,
1173,1,300,CHUDI-XL,,1000,1500,,,NULL,4,0,03-08-18 0:29,,Piece,
1174,1,301,CHUDI-XL,,1100,1650,,,NULL,4,0,04-08-18 0:29,,Piece,
1175,1,302,CHUDI-MATERIAL,,177,265,,,NULL,10,0,05-08-18 0:29,,Piece,
1176,1,303,CHUDI-MATERIAL,,340,510,,,NULL,4,0,06-08-18 0:29,,Piece,
1177,1,304,CHUDI-MATERIAL,,300,450,,,NULL,27,0,07-08-18 0:29,,Piece,
1178,1,305,CHUDI-MATERIAL,,240,360,,,NULL,12,0,08-08-18 0:29,,Piece,
1179,1,306,CHUDI-MATERIAL,,213,320,,,NULL,22,0,09-08-18 0:29,,Piece,
1180,1,307,CHUDI-MATERIAL,,380,570,,,NULL,9,0,10-08-18 0:29,,Piece,
1181,1,308,CHUDI-MATERIAL,,440,660,,,NULL,5,0,11-08-18 0:29,,Piece,
1182,1,309,CHUDI-MATERIAL,,493,740,,,NULL,2,0,12-08-18 0:29,,Piece,
1183,1,310,ROSHNI-CHUDI-MATERIAL,,493,740,,,NULL,5,0,13-08-18 0:29,,Piece,
1184,1,311,ROSHNI-CHUDI-MATERIAL,,510,765,,,NULL,5,0,14-08-18 0:29,,Piece,
1185,1,312,ROSHNI-CHUDI-MATERIAL,,530,795,,,NULL,11,0,15-08-18 0:29,,Piece,
1186,1,313,ROSHNI-CHUDI-MATERIAL,,630,945,,,NULL,6,0,16-08-18 0:29,,Piece,
1187,1,314,ROSHNI-CHUDI-MATERIAL,,697,1045,,,NULL,6,0,17-08-18 0:29,,Piece,
1188,1,315,LADIES-TOP,,227,340,,,NULL,36,0,18-08-18 0:29,,Piece,
1189,1,316,LADIES-TOP,,280,420,,,NULL,36,0,19-08-18 0:29,,Piece,
1190,1,317,LADIES-TOP,,140,210,,,NULL,4,0,20-08-18 0:29,,Piece,
1191,1,318,LADIES-TOP,,187,280,,,NULL,57,0,21-08-18 0:29,,Piece,
1192,1,319,LADIES-TOP,,247,370,,,NULL,22,0,22-08-18 0:29,,Piece,
1193,1,320,LADIES-TOP,,300,450,,,NULL,14,0,23-08-18 0:29,,Piece,
1194,1,321,LADIES-TOP,,367,550,,,NULL,11,0,24-08-18 0:29,,Piece,
1195,1,322,LADIES-TOP,,433,650,,,NULL,22,0,25-08-18 0:29,,Piece,
1196,1,323,LADIES-TOP,,320,480,,,NULL,1,0,26-08-18 0:29,,Piece,
1197,1,324,LADIES-TOP,,467,700,,,NULL,0,0,27-08-18 0:29,,Piece,
1198,1,325,LADIES-TOP,,443,665,,,NULL,0,0,28-08-18 0:29,,Piece,
1199,1,326,LADIES-JNS-TOP,,147,220,,,NULL,19,0,29-08-18 0:29,,Piece,
1200,1,327,LADIES-JNS-TOP,,173,260,,,NULL,9,0,30-08-18 0:29,,Piece,
1201,1,328,LADIES-JNS-TOP,,200,300,,,NULL,6,0,31-08-18 0:29,,Piece,
1202,1,329,LADIES-JNS-TOP,,247,370,,,NULL,4,0,01-09-18 0:29,,Piece,
1203,1,330,LADIES-JNS-TOP,,180,270,,,NULL,11,0,02-09-18 0:29,,Piece,
1204,1,331,FROKE - 22,,567,850,,,NULL,6,0,03-09-18 0:29,,Piece,
1205,1,332,FROKE - 22,,400,600,,,NULL,3,0,04-09-18 0:29,,Piece,
1206,1,333,FROKE - 22,,507,760,,,NULL,2,0,05-09-18 0:29,,Piece,
1207,1,334,FROKE - 24,,567,850,,,NULL,4,0,06-09-18 0:29,,Piece,
1208,1,335,FROKE - 24,,433,650,,,NULL,2,0,07-09-18 0:29,,Piece,
1209,1,336,FROKE - 26,,567,850,,,NULL,3,0,08-09-18 0:29,,Piece,
1210,1,337,FROKE - 26,,433,650,,,NULL,4,0,09-09-18 0:29,,Piece,
1211,1,338,FROKE - 28,,500,750,,,NULL,2,0,10-09-18 0:29,,Piece,
1212,1,339,FROKE - 28,,567,850,,,NULL,8,0,11-09-18 0:29,,Piece,
1213,1,340,FROKE - 30,,583,875,,,NULL,1,0,12-09-18 0:29,,Piece,
1214,1,341,FROKE - 30,,567,850,,,NULL,3,0,13-09-18 0:29,,Piece,
1215,1,342,FROKE - 32,,583,875,,,NULL,4,0,14-09-18 0:29,,Piece,
1216,1,343,FROKE - 32,,500,750,,,NULL,2,0,15-09-18 0:29,,Piece,
1217,1,344,FROKE - 34,,933,1400,,,NULL,1,0,16-09-18 0:29,,Piece,
1218,1,345,FROKE - 34,,733,1100,,,NULL,4,0,17-09-18 0:29,,Piece,
1219,1,346,FROKE - 36,,933,1400,,,NULL,1,0,18-09-18 0:29,,Piece,
1220,1,347,FROKE - 36,,833,1250,,,NULL,2,0,19-09-18 0:29,,Piece,
1221,1,348,FROKE - 38,,733,1100,,,NULL,1,0,20-09-18 0:29,,Piece,
1222,1,349,FROKE - 40,,733,1100,,,NULL,2,0,21-09-18 0:29,,Piece,
1223,1,350,FROKE - 42,,733,1100,,,NULL,0,0,22-09-18 0:29,,Piece,
1224,1,351,FROKE - 0,,247,370,,,NULL,8,0,23-09-18 0:29,,Piece,
1225,1,352,FROKE - 16,,140,210,,,NULL,3,0,24-09-18 0:29,,Piece,
1226,1,353,FROKE - 16,,247,370,,,NULL,1,0,25-09-18 0:29,,Piece,
1227,1,354,FROKE - 16,,180,270,,,NULL,10,0,26-09-18 0:29,,Piece,
1228,1,355,FROKE - 18,,140,210,,,NULL,5,0,27-09-18 0:29,,Piece,
1229,1,356,FROKE - 18,,313,470,,,NULL,5,0,28-09-18 0:29,,Piece,
1230,1,357,FROKE - 18,,180,270,,,NULL,16,0,29-09-18 0:29,,Piece,
1231,1,358,FROKE - 18,,207,310,,,NULL,5,0,30-09-18 0:29,,Piece,
1232,1,359,FROKE - 18,,247,370,,,NULL,0,0,01-10-18 0:29,,Piece,
1233,1,360,FROKE - 20,,180,270,,,NULL,5,0,02-10-18 0:29,,Piece,
1234,1,361,FROKE - 20,,313,470,,,NULL,3,0,03-10-18 0:29,,Piece,
1235,1,362,FROKE - 22,,180,270,,,NULL,2,0,04-10-18 0:29,,Piece,
1236,1,363,FROKE - 22,,247,370,,,NULL,8,0,05-10-18 0:29,,Piece,
1237,1,364,FROKE - 22,,320,480,,,NULL,3,0,06-10-18 0:29,,Piece,
1238,1,365,FROKE - 24,,320,480,,,NULL,3,0,07-10-18 0:29,,Piece,
1239,1,366,FROKE - 24,,180,270,,,NULL,1,0,08-10-18 0:29,,Piece,
1240,1,367,FROKE - 24,,247,370,,,NULL,5,0,09-10-18 0:29,,Piece,
1241,1,368,FROKE - 26,,253,380,,,NULL,9,0,10-10-18 0:29,,Piece,
1242,1,369,FROKE - 26,,367,550,,,NULL,4,0,11-10-18 0:29,,Piece,
1243,1,370,FROKE - 28,,367,550,,,NULL,1,0,12-10-18 0:29,,Piece,
1244,1,371,FROKE - 28,,267,400,,,NULL,9,0,13-10-18 0:29,,Piece,
1245,1,372,FROKE - 28,,433,650,,,NULL,3,0,14-10-18 0:29,,Piece,
1246,1,373,FROKE - 30,,267,400,,,NULL,4,0,15-10-18 0:29,,Piece,
1247,1,374,FROKE - 30,,433,650,,,NULL,3,0,16-10-18 0:29,,Piece,
1248,1,375,FROKE - 32,,267,400,,,NULL,7,0,17-10-18 0:29,,Piece,
1249,1,376,FROKE - 32,,433,650,,,NULL,1,0,18-10-18 0:29,,Piece,
1250,1,377,MIDDY & TOP,,533,800,,,NULL,9,0,19-10-18 0:29,,Piece,
1251,1,378,MIDDY & TOP,,367,550,,,NULL,5,0,20-10-18 0:29,,Piece,
1252,1,379,MIDDY & TOP,,500,750,,,NULL,5,0,21-10-18 0:29,,Piece,
1253,1,380,MIDDY & TOP,,633,950,,,NULL,5,0,22-10-18 0:29,,Piece,
1254,1,381,MIDDY & TOP,,833,1250,,,NULL,3,0,23-10-18 0:29,,Piece,
1255,1,382,MIDDY & TOP,,567,850,,,NULL,10,0,24-10-18 0:29,,Piece,
1256,1,383,NIGHTY,,133,200,,,NULL,70,0,25-10-18 0:29,,Piece,
1257,1,384,NIGHTY,,147,220,,,NULL,5,0,26-10-18 0:29,,Piece,
1258,1,385,NIGHT DRESS,,167,250,,,NULL,32,0,27-10-18 0:29,,Piece,
1259,1,386,MIDDY,,133,200,,,NULL,9,0,28-10-18 0:29,,Piece,
1260,1,387,MIDDY,,200,300,,,NULL,2,0,29-10-18 0:29,,Piece,
1261,1,388,PATTUPAVADA,,200,300,,,NULL,1,0,30-10-18 0:29,,Piece,
1262,1,389,BLOUSE-BIT,,83,125,,,NULL,46,0,31-10-18 0:29,,Piece,
1263,1,390,BLOUSE-BIT,,77,115,,,NULL,17,0,01-11-18 0:29,,Piece,
1264,1,391,BLOUSE-BIT,,67,100,,,NULL,16,0,02-11-18 0:29,,Piece,
1265,1,392,BLOUSE-BIT,,37,55,,,NULL,5,0,03-11-18 0:29,,Piece,
1266,1,393,BLOUSE-BIT,,50,75,,,NULL,31,0,04-11-18 0:29,,Piece,
1267,1,394,BLOUSE-CUTTING(MTR),,83,125,,,NULL,28,0,05-11-18 0:29,,Piece,
1268,1,395,BLOUSE-CUTTING(MTR),,67,100,,,NULL,300,0,06-11-18 0:29,,Piece,
1269,1,396,TOP & PANT-18,,353,530,,,NULL,0,0,07-11-18 0:29,,Piece,
1270,1,397,TOP & PANT-20,,353,530,,,NULL,5,0,08-11-18 0:29,,Piece,
1271,1,398,TOP & PANT-20,,290,435,,,NULL,6,0,09-11-18 0:29,,Piece,
1272,1,399,TOP & PANT-20,,427,640,,,NULL,7,0,10-11-18 0:29,,Piece,
1273,1,400,UNDERSKURT,,100,150,,,NULL,23,0,11-11-18 0:29,,Piece,
1274,1,401,UNDERSKURT,,80,120,,,NULL,29,0,12-11-18 0:29,,Piece,
1275,1,402,UNDERSKURT,,90,135,,,NULL,18,0,13-11-18 0:29,,Piece,
1276,1,403,UNDERSKURT,,67,100,,,NULL,4,0,14-11-18 0:29,,Piece,
1277,1,404,UNDERSKURT,,57,85,,,NULL,48,0,15-11-18 0:29,,Piece,
1278,1,405,INNER,,80,120,,,NULL,16,0,16-11-18 0:29,,Piece,
1279,1,406,COAT,,167,250,,,NULL,3,0,17-11-18 0:29,,Piece,
1280,1,407,SHOTS-L,,59,88,,,NULL,4,0,18-11-18 0:29,,Piece,
1281,1,408,SHOTS-S,,50,75,,,NULL,5,0,19-11-18 0:29,,Piece,
1282,1,409,SHOTS-M,,73,110,,,NULL,4,0,20-11-18 0:29,,Piece,
1283,1,410,WHITE-SIMMIES,,57,85,,,NULL,3,0,21-11-18 0:29,,Piece,
1284,1,411,WHITE-SIMMIES,,53,80,,,NULL,3,0,22-11-18 0:29,,Piece,
1285,1,412,WHITE-SIMMIES,,63,95,,,NULL,2,0,23-11-18 0:29,,Piece,
1286,1,413,SIMMIES-BRASLIP-75,,65,97,,,NULL,11,0,24-11-18 0:29,,Piece,
1287,1,414,SIMMIES-BRASLIP-80,,65,97,,,NULL,9,0,25-11-18 0:29,,Piece,
1288,1,415,SIMMIES-BRASLIP-85,,65,97,,,NULL,11,0,26-11-18 0:29,,Piece,
1289,1,416,SIMMIES-BRASLIP-90,,65,97,,,NULL,12,0,27-11-18 0:29,,Piece,
1290,1,417,SIMMIES-BRASLIP-95,,66,99,,,NULL,10,0,28-11-18 0:29,,Piece,
1291,1,418,SIMMIES-DIANA-75,,57,85,,,NULL,5,0,29-11-18 0:29,,Piece,
1292,1,419,SIMMIES-DIANA-80,,57,85,,,NULL,4,0,30-11-18 0:29,,Piece,
1293,1,420,SIMMIES-DIANA-85,,57,85,,,NULL,12,0,01-12-18 0:29,,Piece,
1294,1,421,SIMMIES-DIANA-90,,57,86,,,NULL,4,0,02-12-18 0:29,,Piece,
1295,1,422,SIMMIES-DIANA-95,,58,87,,,NULL,10,0,03-12-18 0:29,,Piece,
1296,1,423,SIMMIES-MONOLIZA-75,,57,86,,,NULL,4,0,04-12-18 0:29,,Piece,
1297,1,424,SIMMIES-MONOLIZA-80,,57,86,,,NULL,10,0,05-12-18 0:29,,Piece,
1298,1,425,SIMMIES-MONOLIZA-85,,57,86,,,NULL,5,0,06-12-18 0:29,,Piece,
1299,1,426,SIMMIES-MONOLIZA-90,,57,86,,,NULL,6,0,07-12-18 0:29,,Piece,
1300,1,427,SIMMIES-MONOLIZA-95,,59,88,,,NULL,5,0,08-12-18 0:29,,Piece,
1301,1,428,SIMMIES-MONOLIZA-100,,59,88,,,NULL,8,0,09-12-18 0:29,,Piece,
1302,1,429,SIMMIES-DIANA-COLOR-75,,57,85,,,NULL,2,0,10-12-18 0:29,,Piece,
1303,1,430,SIMMIES-DIANA-COLOR-75,,57,86,,,NULL,3,0,11-12-18 0:29,,Piece,
1304,1,431,SIMMIES-DIANA-COLOR-85,,57,86,,,NULL,5,0,12-12-18 0:29,,Piece,
1305,1,432,SIMMIES-DIANA-COLOR-90,,57,85,,,NULL,12,0,13-12-18 0:29,,Piece,
1306,1,433,SIMMIES-DIANA-COLOR-95,,58,87,,,NULL,6,0,14-12-18 0:29,,Piece,
1307,1,434,SIMMIES-DIANA-COLOR-80,,57,85,,,NULL,4,0,15-12-18 0:29,,Piece,
1308,1,435,SIMMIES-YUVARAJ-80,,47,70,,,NULL,24,0,16-12-18 0:29,,Piece,
1309,1,436,SIMMIES-YUVARAJ-85,,50,75,,,NULL,17,0,17-12-18 0:29,,Piece,
1310,1,437,LADIES JNS.COLOR PANTS,,200,300,,,NULL,29,0,18-12-18 0:29,,Piece,
1311,1,438,LADIES JNS.COLOR PANTS,,233,350,,,NULL,24,0,19-12-18 0:29,,Piece,
1312,1,439,LADIES JNS.COLOR PANTS,,267,400,,,NULL,28,0,20-12-18 0:29,,Piece,
1313,1,440,LADIES JNS.COLOR PANTS,,213,320,,,NULL,6,0,21-12-18 0:29,,Piece,
1314,1,441,LUNGI-KAVI,,127,190,,,NULL,6,0,22-12-18 0:29,,Piece,
1315,1,442,LUNGI-KAVI,,143,215,,,NULL,13,0,23-12-18 0:29,,Piece,
1316,1,443,LUNGI-KAVI,,177,265,,,NULL,5,0,24-12-18 0:29,,Piece,
1317,1,444,LUNGI-COLOUR,,120,180,,,NULL,4,0,25-12-18 0:29,,Piece,
1318,1,445,LUNGI-COLOUR,,100,150,,,NULL,19,0,26-12-18 0:29,,Piece,
1319,1,446,LUNGI-COLOUR,,147,220,,,NULL,10,0,27-12-18 0:29,,Piece,
1320,1,447,LUNGI-COLOUR,,153,230,,,NULL,11,0,28-12-18 0:29,,Piece,
1321,1,448,LUNGI-COLOUR,,107,160,,,NULL,0,0,29-12-18 0:29,,Piece,
1322,1,449,LUNGI-COLOUR,,130,195,,,NULL,11,0,30-12-18 0:29,,Piece,
1323,1,450,LUNGI-COLOUR,,153,230,,,NULL,10,0,31-12-18 0:29,,Piece,
1324,1,451,LUNGI-COLOUR,,120,180,,,NULL,5,0,01-01-19 0:29,,Piece,
1325,1,452,LUNGI-COLOUR,,63,95,,,NULL,2,0,02-01-19 0:29,,Piece,
1326,1,453,LUNGI-COLOUR,,73,110,,,NULL,2,0,03-01-19 0:29,,Piece,
1327,1,454,LUNGI-COLOUR,,200,300,,,NULL,2,0,04-01-19 0:29,,Piece,
1328,1,455,LUNGI-COLOUR,,110,165,,,NULL,3,0,05-01-19 0:29,,Piece,
1329,1,456,LUNGI-COLOUR,,123,185,,,NULL,4,0,06-01-19 0:29,,Piece,
1330,1,457,LUNGI-COLOUR,,100,150,,,NULL,4,0,07-01-19 0:29,,Piece,
1331,1,458,LUNGI-COLOUR,,140,210,,,NULL,16,0,08-01-19 0:29,,Piece,
1332,1,459,LUNGI-COLOUR,,120,180,,,NULL,10,0,09-01-19 0:29,,Piece,
1333,1,460,LUNGI-COLOUR,,73,110,,,NULL,10,0,10-01-19 0:29,,Piece,
1334,1,461,LUNGI-COLOUR,,120,180,,,NULL,25,0,11-01-19 0:29,,Piece,
1335,1,462,LUNGI-COLOUR,,167,250,,,NULL,15,0,12-01-19 0:29,,Piece,
1336,1,463,LUNGI-COLOUR,,110,165,,,NULL,4,0,13-01-19 0:29,,Piece,
1337,1,464,LUNGI-COLOUR,,123,185,,,NULL,8,0,14-01-19 0:29,,Piece,
1338,1,465,LUNGI-COLOUR,,147,220,,,NULL,8,0,15-01-19 0:29,,Piece,
1339,1,466,LUNGI-COLOUR,,83,125,,,NULL,23,0,16-01-19 0:29,,Piece,
1340,1,467,LUNGI-COLOUR,,140,210,,,NULL,10,0,17-01-19 0:29,,Piece,
1341,1,468,GIRLS-BANIYAN SET -0 ,,83,125,,,NULL,29,0,18-01-19 0:29,,Piece,
1342,1,469,GIRLS-BANIYAN SET -0 ,,93,140,,,NULL,16,0,19-01-19 0:29,,Piece,
1343,1,470,GIRLS-BANIYAN SET -0 ,,147,220,,,NULL,27,0,20-01-19 0:29,,Piece,
1344,1,471,GIRLS-BANIYAN SET -0 ,,127,190,,,NULL,5,0,21-01-19 0:29,,Piece,
1345,1,472,GIRLS-BANIYAN SET -0 ,,138,207,,,NULL,9,0,22-01-19 0:29,,Piece,
1346,1,473,GIRLS-BANIYAN SET -L ,,183,275,,,NULL,6,0,23-01-19 0:29,,Piece,
1347,1,474,GIRLS-BANIYAN SET -L ,,183,275,,,NULL,6,0,24-01-19 0:29,,Piece,
1348,1,475,GIRLS-BANIYAN SET -L ,,187,280,,,NULL,6,0,25-01-19 0:29,,Piece,
1349,1,476,GIRLS-BANIYAN SET -L ,,173,260,,,NULL,4,0,26-01-19 0:29,,Piece,
1350,1,477,GIRLS-BANIYAN SET -L ,,187,280,,,NULL,7,0,27-01-19 0:29,,Piece,
1351,1,478,GIRLS-BANIYAN SET -L ,,150,225,,,NULL,3,0,28-01-19 0:29,,Piece,
1352,1,479,GIRLS-BANIYAN SET -L ,,190,285,,,NULL,5,0,29-01-19 0:29,,Piece,
1353,1,480,KIDS-GIRLS-TOP-45,,103,155,,,NULL,5,0,30-01-19 0:29,,Piece,
1354,1,481,KIDS-GIRLS-TOP-50,,103,155,,,NULL,8,0,31-01-19 0:29,,Piece,
1355,1,482,KIDS-GIRLS-TOP-55,,103,155,,,NULL,6,0,01-02-19 0:29,,Piece,
1356,1,483,KIDS-GIRLS-TOP-60,,110,165,,,NULL,4,0,02-02-19 0:29,,Piece,
1357,1,484,KIDS-GIRLS-TOP-65,,110,165,,,NULL,5,0,03-02-19 0:29,,Piece,
1358,1,485,KIDS-GIRLS-TOP-70,,110,165,,,NULL,5,0,04-02-19 0:29,,Piece,
1359,1,486,KIDS-GIRLS-TOP-80,,120,180,,,NULL,4,0,05-02-19 0:29,,Piece,
1360,1,487,KIDS-GIRLS-TOP-75,,120,180,,,NULL,5,0,06-02-19 0:29,,Piece,
1361,1,488,KIDS-GIRLS-TOP-85,,120,180,,,NULL,5,0,07-02-19 0:29,,Piece,
1362,1,489,SHIRT & TROUSER SET,,323,485,,,NULL,9,0,08-02-19 0:29,,Piece,
1363,1,490,SHIRT & TROUSER SET,,310,465,,,NULL,8,0,09-02-19 0:29,,Piece,
1364,1,491,SHIRT & TROUSER SET,,380,570,,,NULL,6,0,10-02-19 0:29,,Piece,
1365,1,492,SHIRT & TROUSER SET,,283,425,,,NULL,8,0,11-02-19 0:29,,Piece,
1366,1,493,SHIRT & TROUSER SET,,347,520,,,NULL,2,0,12-02-19 0:29,,Piece,
1367,1,494,SHIRT & TROUSER SET,,500,750,,,NULL,4,0,13-02-19 0:29,,Piece,
1368,1,495,SHIRT & TROUSER SET,,213,320,,,NULL,4,0,14-02-19 0:29,,Piece,
1369,1,496,SHIRT & TROUSER SET,,187,280,,,NULL,1,0,15-02-19 0:29,,Piece,
1370,1,497,SHIRT & DHOTHIES SET,,283,425,,,NULL,8,0,16-02-19 0:29,,Piece,
1371,1,498,KHADHI - SHIRT BIT,,127,190,,,NULL,11,0,17-02-19 0:29,,Piece,
1372,1,499,BOYS-BANIYAN SET -0 ,,70,105,,,NULL,56,0,18-02-19 0:29,,Piece,
1373,1,500,BOYS-BANIYAN SET -0 ,,103,155,,,NULL,18,0,19-02-19 0:29,,Piece,
1374,1,501,BOYS-BANIYAN SET -0 ,,133,200,,,NULL,7,0,20-02-19 0:29,,Piece,
1375,1,502,BOYS-BANIYAN SET -0 ,,167,250,,,NULL,22,0,21-02-19 0:29,,Piece,
1376,1,503,BOYS-BANIYAN SET -M,,187,280,,,NULL,9,0,22-02-19 0:29,,Piece,
1377,1,504,BOYS-BANIYAN SET -M,,177,265,,,NULL,26,0,23-02-19 0:29,,Piece,
1378,1,505,BOYS-BANIYAN SET -M,,300,450,,,NULL,3,0,24-02-19 0:29,,Piece,
1379,1,506,SHALL,,87,130,,,NULL,51,0,25-02-19 0:29,,Piece,
1380,1,507,SHALL,,60,90,,,NULL,50,0,26-02-19 0:29,,Piece,
1381,1,508,SHALL,,33,50,,,NULL,8,0,27-02-19 0:29,,Piece,
1382,1,509,SHALL,,67,100,,,NULL,75,0,28-02-19 0:29,,Piece,
1383,1,510,T.SHIRT-L,,113,170,,,NULL,19,0,01-03-19 0:29,,Piece,
1384,1,511,T.SHIRT-XL,,113,170,,,NULL,14,0,02-03-19 0:29,,Piece,
1385,1,512,T.SHIRT-2XL,,113,170,,,NULL,16,0,03-03-19 0:29,,Piece,
1386,1,513,"T.SHIRT-M,L,XL",,213,320,,,NULL,12,0,04-03-19 0:29,,Piece,
1387,1,514,"T.SHIRT-M,L,XL",,187,280,,,NULL,34,0,05-03-19 0:29,,Piece,
1388,1,515,T.SHIRT-S,,93,140,,,NULL,4,0,06-03-19 0:29,,Piece,
1389,1,516,T.SHIRT-M,,107,160,,,NULL,2,0,07-03-19 0:29,,Piece,
1390,1,517,T.SHIRT-XL,,120,180,,,NULL,1,0,08-03-19 0:29,,Piece,
1391,1,518,DRAWER,,40,60,,,NULL,8,0,09-03-19 0:29,,Piece,
1392,1,519,KIDS.T. SHIRT,,83,125,,,NULL,13,0,10-03-19 0:29,,Piece,
1393,1,520,KIDS.T. SHIRT,,90,135,,,NULL,14,0,11-03-19 0:29,,Piece,
1394,1,521,KIDS.T. SHIRT,,97,145,,,NULL,7,0,12-03-19 0:29,,Piece,
1395,1,522,KIDS.T. SHIRT,,120,180,,,NULL,39,0,13-03-19 0:29,,Piece,
1396,1,523,KIDS.T. SHIRT,,47,70,,,NULL,12,0,14-03-19 0:29,,Piece,
1397,1,524,KIDS.T. SHIRT,,40,60,,,NULL,7,0,15-03-19 0:29,,Piece,
1398,1,525,KIDS-TROUSER,,67,100,,,NULL,12,0,16-03-19 0:29,,Piece,
1399,1,526,KIDS-TROUSER,,73,110,,,NULL,14,0,17-03-19 0:29,,Piece,
1400,1,527,PANT-45,,73,110,,,NULL,4,0,18-03-19 0:29,,Piece,
1401,1,528,PANT-50,,80,120,,,NULL,9,0,19-03-19 0:29,,Piece,
1402,1,529,PANT-55,,87,130,,,NULL,7,0,20-03-19 0:29,,Piece,
1403,1,530,PANT-60,,93,140,,,NULL,8,0,21-03-19 0:29,,Piece,
1404,1,531,PANT-65,,100,150,,,NULL,6,0,22-03-19 0:29,,Piece,
1405,1,532,PANT-70,,107,160,,,NULL,9,0,23-03-19 0:29,,Piece,
1406,1,533,PANT-75,,113,170,,,NULL,5,0,24-03-19 0:29,,Piece,
1407,1,534,PANT-0,,20,30,,,NULL,22,0,25-03-19 0:29,,Piece,
1408,1,535,PANT-0,,37,55,,,NULL,6,0,26-03-19 0:29,,Piece,
1409,1,536,PANT-0,,33,50,,,NULL,20,0,27-03-19 0:29,,Piece,
1410,1,537,PANT-0,,87,130,,,NULL,4,0,28-03-19 0:29,,Piece,
1411,1,538,KIDS-TROUSER,,40,60,,,NULL,1,0,29-03-19 0:29,,Piece,
1412,1,539,KIDS-TROUSER,,50,75,,,NULL,6,0,30-03-19 0:29,,Piece,
1413,1,540,KIDS-TROUSER,,87,130,,,NULL,5,0,31-03-19 0:29,,Piece,
1414,1,541,KIDS-TROUSER,,147,220,,,NULL,10,0,01-04-19 0:29,,Piece,
1415,1,542,TRACK,,167,250,,,NULL,5,0,02-04-19 0:29,,Piece,
1416,1,543,TRACK,,267,400,,,NULL,20,0,03-04-19 0:29,,Piece,
1417,1,544,TRACK-M,,207,310,,,NULL,3,0,04-04-19 0:29,,Piece,
1418,1,545,TRACK-L,,220,330,,,NULL,5,0,05-04-19 0:29,,Piece,
1419,1,546,TRACK-XL,,227,340,,,NULL,4,0,06-04-19 0:29,,Piece,
1420,1,547,TRACK-2XL,,227,340,,,NULL,5,0,07-04-19 0:29,,Piece,
1421,1,548,TURKY,,120,180,,,NULL,6,0,08-04-19 0:29,,Piece,
1422,1,549,TURKY,,73,110,,,NULL,6,0,09-04-19 0:29,,Piece,
1423,1,550,TURKY,,53,80,,,NULL,19,0,10-04-19 0:29,,Piece,
1424,1,551,TURKY,,30,45,,,NULL,11,0,11-04-19 0:29,,Piece,
1425,1,552,THORTH,,23,35,,,NULL,36,0,12-04-19 0:29,,Piece,
1426,1,553,THORTH,,27,40,,,NULL,7,0,13-04-19 0:29,,Piece,
1427,1,554,THORTH,,33,50,,,NULL,30,0,14-04-19 0:29,,Piece,
1428,1,555,THORTH,,40,60,,,NULL,13,0,15-04-19 0:29,,Piece,
1429,1,556,THORTH,,50,75,,,NULL,2,0,16-04-19 0:29,,Piece,
1430,1,557,BED SHEET,,300,450,,,NULL,3,0,17-04-19 0:29,,Piece,
1431,1,558,BED SHEET,,167,250,,,NULL,7,0,18-04-19 0:29,,Piece,
1432,1,559,BED SHEET,,233,350,,,NULL,5,0,19-04-19 0:29,,Piece,
1433,1,560,BED SHEET,,120,180,,,NULL,4,0,20-04-19 0:29,,Piece,
1434,1,561,BED SHEET,,107,160,,,NULL,9,0,21-04-19 0:29,,Piece,
1435,1,562,BED SHEET,,90,135,,,NULL,0,0,22-04-19 0:29,,Piece,
1436,1,563,BED SHEET,,260,390,,,NULL,3,0,23-04-19 0:29,,Piece,
1437,1,564,THORTH-BLACK,,40,60,,,NULL,18,0,24-04-19 0:29,,Piece,
1438,1,565,LUNGI-BLACK,,73,110,,,NULL,6,0,25-04-19 0:29,,Piece,
1439,1,566,LUNGI-BLACK,,83,125,,,NULL,2,0,26-04-19 0:29,,Piece,
1440,1,567,LUNGI-BLACK,,90,135,,,NULL,3,0,27-04-19 0:29,,Piece,
1441,1,568,LUNGI-BLACK,,110,165,,,NULL,2,0,28-04-19 0:29,,Piece,
1442,1,569,LUNGI-BLACK,,127,190,,,NULL,23,0,29-04-19 0:29,,Piece,
1443,1,570,PILLOW COVER,,23,35,,,NULL,5,0,30-04-19 0:29,,Piece,
1444,1,571,PILLOW COVER,,43,65,,,NULL,10,0,01-05-19 0:29,,Piece,
1445,1,572,PANTIES-ROYAL-75,,41,61,,,NULL,8,0,02-05-19 0:29,,Piece,
1446,1,573,PANTIES-ROYAL-80,,41,61,,,NULL,4,0,03-05-19 0:29,,Piece,
1447,1,574,PANTIES-ROYAL-85,,41,61,,,NULL,10,0,04-05-19 0:29,,Piece,
1448,1,575,PANTIES-ROYAL-90,,41,61,,,NULL,8,0,05-05-19 0:29,,Piece,
1449,1,576,PANTIES-ROYAL-95,,43,65,,,NULL,20,0,06-05-19 0:29,,Piece,
1450,1,577,PANTIES-MISS WORLD-80,,30,45,,,NULL,13,0,07-05-19 0:29,,Piece,
1451,1,578,PANTIES-MISS WORLD-85,,30,45,,,NULL,9,0,08-05-19 0:29,,Piece,
1452,1,579,PANTIES-MISS WORLD-90,,30,45,,,NULL,11,0,09-05-19 0:29,,Piece,
1453,1,580,PANTIES-MISS WORLD-95,,30,45,,,NULL,5,0,10-05-19 0:29,,Piece,
1454,1,581,PANTIES-SONIA-75,,33,50,,,NULL,9,0,11-05-19 0:29,,Piece,
1455,1,582,PANTIES-SONIA-80,,33,50,,,NULL,14,0,12-05-19 0:29,,Piece,
1456,1,583,PANTIES-SONIA-85,,33,50,,,NULL,8,0,13-05-19 0:29,,Piece,
1457,1,584,PANTIES-SONIA-90,,33,50,,,NULL,10,0,14-05-19 0:29,,Piece,
1458,1,585,PANTIES-SONIA-95,,35,52,,,NULL,10,0,15-05-19 0:29,,Piece,
1459,1,586,PANTIES-SONIA-100,,35,52,,,NULL,10,0,16-05-19 0:29,,Piece,
1460,1,587,PANTIES-ROYAL PRINT-75,,28,42,,,NULL,8,0,17-05-19 0:29,,Piece,
1461,1,588,PANTIES-ROYAL PRINT-85,,28,42,,,NULL,3,0,18-05-19 0:29,,Piece,
1462,1,589,PANTIES-ROYAL PRINT-90,,28,42,,,NULL,6,0,19-05-19 0:29,,Piece,
1463,1,590,PANTIES-ROYAL PRINT-95,,29,44,,,NULL,8,0,20-05-19 0:29,,Piece,
1464,1,591,PANTIES-ROYAL PRINT-100,,29,44,,,NULL,10,0,21-05-19 0:29,,Piece,
1465,1,592,PANTIES-ROSHNI-MANTHRA-75,,44,66,,,NULL,7,0,22-05-19 0:29,,Piece,
1466,1,593,PANTIES-ROSHNI-MANTHRA-85,,44,66,,,NULL,1,0,23-05-19 0:29,,Piece,
1467,1,594,PANTIES-ROSHNI-MANTHRA-90,,44,66,,,NULL,7,0,24-05-19 0:29,,Piece,
1468,1,595,PANTIES-ROSHNI-MANTHRA-95,,47,71,,,NULL,10,0,25-05-19 0:29,,Piece,
1469,1,596,PANTIES-ROSHNI-MANTHRA-100,,47,71,,,NULL,10,0,26-05-19 0:29,,Piece,
1470,1,597,PANTIES-ROSHNI-NEW SWTY-80,,53,80,,,NULL,16,0,27-05-19 0:29,,Piece,
1471,1,598,PANTIES-ROSHNI-NEW SWTY-90,,53,80,,,NULL,8,0,28-05-19 0:29,,Piece,
1472,1,599,PANTIES-ROSHNI-NEW SWTY-95,,57,86,,,NULL,8,0,29-05-19 0:29,,Piece,
1473,1,600,PANTIES-ROSHNI-NEW SWTY-100,,57,86,,,NULL,10,0,30-05-19 0:29,,Piece,
1474,1,601,BRA-YUVARANI -75,,41,61,,,NULL,7,0,31-05-19 0:29,,Piece,
1475,1,602,BRA-YUVARANI -80,,41,61,,,NULL,6,0,01-06-19 0:29,,Piece,
1476,1,603,BRA-YUVARANI -90,,41,61,,,NULL,3,0,02-06-19 0:29,,Piece,
1477,1,604,BRA-YUVARANI -95,,43,65,,,NULL,9,0,03-06-19 0:29,,Piece,
1478,1,605,BRA-YUVARANI -100,,43,65,,,NULL,10,0,04-06-19 0:29,,Piece,
1479,1,606,BRA-VANITHA -75,,40,60,,,NULL,12,0,05-06-19 0:29,,Piece,
1480,1,607,BRA-VANITHA -80,,40,60,,,NULL,8,0,06-06-19 0:29,,Piece,
1481,1,608,BRA-VANITHA -90,,40,60,,,NULL,6,0,07-06-19 0:29,,Piece,
1482,1,609,BRA-VANITHA -95,,41,62,,,NULL,12,0,08-06-19 0:29,,Piece,
1483,1,610,BRA-VANITHA -100,,41,62,,,NULL,10,0,09-06-19 0:29,,Piece,
1484,1,611,BRA-PREETHI-75,,41,62,,,NULL,9,0,10-06-19 0:29,,Piece,
1485,1,612,BRA-PREETHI-80,,41,62,,,NULL,5,0,11-06-19 0:29,,Piece,
1486,1,613,BRA-PREETHI-85,,41,62,,,NULL,2,0,12-06-19 0:29,,Piece,
1487,1,614,BRA-PREETHI-90,,41,62,,,NULL,4,0,13-06-19 0:29,,Piece,
1488,1,615,BRA-PREETHI-95,,43,64,,,NULL,6,0,14-06-19 0:29,,Piece,
1489,1,616,BRA-PREETHI-100,,43,64,,,NULL,8,0,15-06-19 0:29,,Piece,
1490,1,617,ROSHNI-BRA-75,,73,109,,,NULL,9,0,16-06-19 0:29,,Piece,
1491,1,618,ROSHNI-BRA-80,,73,109,,,NULL,6,0,17-06-19 0:29,,Piece,
1492,1,619,ROSHNI-BRA-90,,73,109,,,NULL,10,0,18-06-19 0:29,,Piece,
1493,1,620,ROSHNI-BRA-95,,73,110,,,NULL,5,0,19-06-19 0:29,,Piece,
1494,1,621,ROSHNI-BRA-100,,73,110,,,NULL,9,0,20-06-19 0:29,,Piece,
1495,1,622,BRA-LUX -75,,41,62,,,NULL,11,0,21-06-19 0:29,,Piece,
1496,1,623,BRA-LUX -80,,41,62,,,NULL,1,0,22-06-19 0:29,,Piece,
1497,1,624,BRA-LUX -85,,41,62,,,NULL,5,0,23-06-19 0:29,,Piece,
1498,1,625,BRA-LUX -90,,41,62,,,NULL,4,0,24-06-19 0:29,,Piece,
1499,1,626,BRA-LUX -95,,43,64,,,NULL,11,0,25-06-19 0:29,,Piece,
1500,1,627,BRA-LUX -100,,43,64,,,NULL,12,0,26-06-19 0:29,,Piece,
1501,1,628,BRA-SIMBEL -75,,33,50,,,NULL,10,0,27-06-19 0:29,,Piece,
1502,1,629,BRA-SIMBEL -80,,33,50,,,NULL,2,0,28-06-19 0:29,,Piece,
1503,1,630,BRA-SIMBEL -85,,33,50,,,NULL,8,0,29-06-19 0:29,,Piece,
1504,1,631,BRA-SIMBEL -90,,33,50,,,NULL,10,0,30-06-19 0:29,,Piece,
1505,1,632,BRA-SIMBEL -95,,37,55,,,NULL,10,0,01-07-19 0:29,,Piece,
1506,1,633,BRA-SIMBEL -100,,37,55,,,NULL,12,0,02-07-19 0:29,,Piece,
1507,1,634,BRA-MANISHA -75,,39,58,,,NULL,12,0,03-07-19 0:29,,Piece,
1508,1,635,BRA-MANISHA -80,,39,58,,,NULL,8,0,04-07-19 0:29,,Piece,
1509,1,636,BRA-MANISHA -85,,39,58,,,NULL,10,0,05-07-19 0:29,,Piece,
1510,1,637,BRA-MANISHA -90,,39,58,,,NULL,11,0,06-07-19 0:29,,Piece,
1511,1,638,BRA-MANISHA -95,,39,58,,,NULL,11,0,07-07-19 0:29,,Piece,
1512,1,639,BRA-MINT -75,,60,90,,,NULL,6,0,08-07-19 0:29,,Piece,
1513,1,640,BRA-MINT -80,,60,90,,,NULL,3,0,09-07-19 0:29,,Piece,
1514,1,641,BRA-MINT -85,,60,90,,,NULL,3,0,10-07-19 0:29,,Piece,
1515,1,642,BRA-MINT -90,,60,90,,,NULL,5,0,11-07-19 0:29,,Piece,
1516,1,643,BRA-MINT -95,,60,90,,,NULL,6,0,12-07-19 0:29,,Piece,
1517,1,644,BRA-POOJA RAGINI-100,,57,85,,,NULL,7,0,13-07-19 0:29,,Piece,
1518,1,645,BRA-POOJA RAGINI-75,,83,125,,,NULL,5,0,14-07-19 0:29,,Piece,
1519,1,646,BRA-POOJA RAGINI-90,,83,125,,,NULL,6,0,15-07-19 0:29,,Piece,
1520,1,647,BRA-POOJA RAGINI-80,,143,215,,,NULL,4,0,16-07-19 0:29,,Piece,
1521,1,648,BRA-POOJA RAGINI-85,,125,188,,,NULL,4,0,17-07-19 0:29,,Piece,
1522,1,649,BRA-POOJA RAGINI-95,,125,188,,,NULL,4,0,18-07-19 0:29,,Piece,
1523,1,650,BRA-POOJA RAGINI-100,,125,188,,,NULL,6,0,19-07-19 0:29,,Piece,
1524,1,651,BOYS-SHIRT,,107,160,,,NULL,25,0,20-07-19 0:29,,Piece,
1525,1,652,SET MUNDU,,595,893,,,NULL,2,0,21-07-19 0:29,,Piece,
1526,1,653,SET MUNDU,,459,689,,,NULL,3,0,22-07-19 0:29,,Piece,
1527,1,654,SET MUNDU,,467,701,,,NULL,1,0,23-07-19 0:29,,Piece,
1528,1,655,SET MUNDU,,509,763,,,NULL,1,0,24-07-19 0:29,,Piece,
1529,1,656,SET MUNDU,,240,360,,,NULL,6,0,25-07-19 0:29,,Piece,
1530,1,657,SET MUNDU,,205,307,,,NULL,1,0,26-07-19 0:29,,Piece,
1531,1,658,SET SAREE,,258,387,,,NULL,12,0,27-07-19 0:29,,Piece,
1532,1,659,SET SAREE,,261,391,,,NULL,9,0,28-07-19 0:29,,Piece,
1533,1,660,SET SAREE,,285,427,,,NULL,8,0,29-07-19 0:29,,Piece,
1534,1,661,SET SAREE,,409,613,,,NULL,3,0,30-07-19 0:29,,Piece,
1535,1,662,SET SAREE,,459,689,,,NULL,3,0,31-07-19 0:29,,Piece,
1536,1,663,SET SAREE,,307,460,,,NULL,5,0,01-08-19 0:29,,Piece,
1537,1,664,SET SAREE,,253,379,,,NULL,8,0,02-08-19 0:29,,Piece,
1538,1,665,SET SAREE,,567,850,,,NULL,2,0,03-08-19 0:29,,Piece,
1539,1,666,SET SAREE,,635,953,,,NULL,2,0,04-08-19 0:29,,Piece,
1540,1,667,SET SAREE,,465,697,,,NULL,2,0,05-08-19 0:29,,Piece,
1541,1,668,SET SAREE,,434,651,,,NULL,1,0,06-08-19 0:29,,Piece,
1542,1,669,SET SAREE,,330,495,,,NULL,2,0,07-08-19 0:29,,Piece,
1543,1,670,BABY SET,,193,290,,,NULL,6,0,08-08-19 0:29,,Piece,
1544,1,700,SET SAREE,,329,493,,,NULL,8,0,09-08-19 0:29,,Piece,
1545,1,701,SET SAREE,,591,887,,,NULL,3,0,10-08-19 0:29,,Piece,
1546,1,702,SET SAREE,,590,885,,,NULL,3,0,11-08-19 0:29,,Piece,
1547,1,703,SET SAREE,,471,707,,,NULL,2,0,12-08-19 0:29,,Piece,
1548,1,704,SET SAREE,,339,509,,,NULL,6,0,13-08-19 0:29,,Piece,
1549,1,705,SET SAREE,,314,471,,,NULL,3,0,14-08-19 0:29,,Piece,
1550,1,706,SHIRT BIT,,270,405,,,NULL,5,0,15-08-19 0:29,,Piece,
1551,1,707,SHIRT BIT,,288,432,,,NULL,16,0,16-08-19 0:29,,Piece,
1552,1,708,SHIRT BIT,,300,450,,,NULL,10,0,17-08-19 0:29,,Piece,
1553,1,709,SHIRT BIT,,226,339,,,NULL,14,0,18-08-19 0:29,,Piece,
1554,1,710,SHIRT BIT,,181,272,,,NULL,9,0,19-08-19 0:29,,Piece,
1555,1,711,SHIRT BIT,,253,380,,,NULL,21,0,20-08-19 0:29,,Piece,
1556,1,712,SHIRT BIT,,666,999,,,NULL,11,0,21-08-19 0:29,,Piece,
1557,1,713,SHIRT BIT,,1220,1830,,,NULL,3,0,22-08-19 0:29,,Piece,
1558,1,714,SHIRT BIT,,999,1499,,,NULL,2,0,23-08-19 0:29,,Piece,
1559,1,715,SHIRT BIT,,937,1405,,,NULL,1,0,24-08-19 0:29,,Piece,
1560,1,716,MCR - SHIRT BIT,,143,215,,,NULL,7,0,25-08-19 0:29,,Piece,
1561,1,717,MCR - SHIRT BIT,,187,280,,,NULL,6,0,26-08-19 0:29,,Piece,
1562,1,718,MCR - SHIRT BIT,,227,340,,,NULL,5,0,27-08-19 0:29,,Piece,
1563,1,719,MCR - SHIRT BIT,,263,395,,,NULL,1,0,28-08-19 0:29,,Piece,
1564,1,720,MCR - SHIRT BIT,,363,545,,,NULL,11,0,29-08-19 0:29,,Piece,
1565,1,721,PANT.BIT,,473,709,,,NULL,7,0,30-08-19 0:29,,Piece,
1566,1,722,PATTU SAREE,,693,1040,,,NULL,1,0,31-08-19 0:29,,Piece,
1567,1,723,PATTU SAREE,,1343,2015,,,NULL,0,0,01-09-19 0:29,,Piece,
1568,1,724,PATTU SAREE,,1103,1655,,,NULL,3,0,02-09-19 0:29,,Piece,
1569,1,725,PATTU SAREE,,1313,1970,,,NULL,2,0,03-09-19 0:29,,Piece,
1570,1,726,PATTU SAREE,,813,1220,,,NULL,3,0,04-09-19 0:29,,Piece,
1571,1,727,PATTU SAREE,,927,1390,,,NULL,3,0,05-09-19 0:29,,Piece,
1572,1,728,PATTU SAREE,,1157,1735,,,NULL,3,0,06-09-19 0:29,,Piece,
1573,1,729,PATTU SAREE,,1110,1665,,,NULL,2,0,07-09-19 0:29,,Piece,
1574,1,730,PATTU SAREE,,1153,1730,,,NULL,3,0,08-09-19 0:29,,Piece,
1575,1,731,PATTU SAREE,,627,940,,,NULL,3,0,09-09-19 0:29,,Piece,
1576,1,732,PATTU SAREE,,433,650,,,NULL,3,0,10-09-19 0:29,,Piece,
1577,1,733,PATTU SAREE,,547,820,,,NULL,3,0,11-09-19 0:29,,Piece,
1578,1,734,PATTU SAREE,,893,1340,,,NULL,4,0,12-09-19 0:29,,Piece,
1579,1,735,PATTU SAREE,,1330,1995,,,NULL,2,0,13-09-19 0:29,,Piece,
1580,1,736,DHOTHIES,,400,600,,,NULL,9,0,14-09-19 0:29,,Piece,
1581,1,737,DHOTHIES,,373,559,,,NULL,4,0,15-09-19 0:29,,Piece,
1582,1,738,DHOTHIES,,305,457,,,NULL,3,0,16-09-19 0:29,,Piece,
1583,1,739,DHOTHIES,,297,445,,,NULL,8,0,17-09-19 0:29,,Piece,
1584,1,740,DHOTHIES,,287,430,,,NULL,3,0,18-09-19 0:29,,Piece,
1585,1,741,DHOTHIES,,280,420,,,NULL,4,0,19-09-19 0:29,,Piece,
1586,1,742,DHOTHIES,,267,400,,,NULL,4,0,20-09-19 0:29,,Piece,
1587,1,743,DHOTHIES,,240,360,,,NULL,2,0,21-09-19 0:29,,Piece,
1588,1,744,DHOTHIES,,206,309,,,NULL,4,0,22-09-19 0:29,,Piece,
1589,1,745,DHOTHIES,,207,310,,,NULL,2,0,23-09-19 0:29,,Piece,
1590,1,746,DHOTHIES,,199,299,,,NULL,3,0,24-09-19 0:29,,Piece,
1591,1,747,DHOTHIES,,195,293,,,NULL,0,0,25-09-19 0:29,,Piece,
1592,1,748,DHOTHIES,,194,291,,,NULL,6,0,26-09-19 0:29,,Piece,
1593,1,749,DHOTHIES,,181,271,,,NULL,6,0,27-09-19 0:29,,Piece,
1594,1,750,DHOTHIES,,177,265,,,NULL,3,0,28-09-19 0:29,,Piece,
1595,1,751,DHOTHIES,,178,267,,,NULL,1,0,29-09-19 0:29,,Piece,
1596,1,752,DHOTHIES,,295,443,,,NULL,1,0,30-09-19 0:29,,Piece,
1597,1,753,DHOTHIES,,227,340,,,NULL,2,0,01-10-19 0:29,,Piece,
1598,1,754,DHOTHIES,,199,298,,,NULL,4,0,02-10-19 0:29,,Piece,
1599,1,755,DHOTHIES,,195,292,,,NULL,2,0,03-10-19 0:29,,Piece,
1600,1,756,DHOTHIES,,203,305,,,NULL,2,0,04-10-19 0:29,,Piece,
1601,1,757,DHOTHIES,,217,325,,,NULL,2,0,05-10-19 0:29,,Piece,
1602,1,758,DHOTHIES,,290,435,,,NULL,1,0,06-10-19 0:29,,Piece,
1603,1,759,DHOTHIES,,232,348,,,NULL,4,0,07-10-19 0:29,,Piece,
1604,1,760,DHOTHIES,,277,415,,,NULL,5,0,08-10-19 0:29,,Piece,
1605,1,761,DHOTHIES,,287,431,,,NULL,3,0,09-10-19 0:29,,Piece,
1606,1,762,DHOTHIES,,291,437,,,NULL,5,0,10-10-19 0:29,,Piece,
1607,1,763,DHOTHIES,,270,405,,,NULL,1,0,11-10-19 0:29,,Piece,
1608,1,764,DHOTHIES,,311,467,,,NULL,4,0,12-10-19 0:29,,Piece,
1609,1,765,DHOTHIES,,279,419,,,NULL,1,0,13-10-19 0:29,,Piece,
1610,1,766,DHOTHIES,,290,435,,,NULL,3,0,14-10-19 0:29,,Piece,
1611,1,767,DHOTHIES,,340,510,,,NULL,4,0,15-10-19 0:29,,Piece,
1612,1,768,DHOTHIES,,377,565,,,NULL,4,0,16-10-19 0:29,,Piece,
1613,1,769,DHOTHIES,,380,570,,,NULL,8,0,17-10-19 0:29,,Piece,
1614,1,770,DHOTHIES,,298,447,,,NULL,5,0,18-10-19 0:29,,Piece,
1615,1,771,DHOTHIES,,200,300,,,NULL,1,0,19-10-19 0:29,,Piece,
1616,1,772,DHOTHIES,,133,200,,,NULL,3,0,20-10-19 0:29,,Piece,
1617,1,773,DHOTHIES,,187,280,,,NULL,7,0,21-10-19 0:29,,Piece,
1618,1,774,BRIEF-ROYAL -75,,35,52,,,NULL,9,0,22-10-19 0:29,,Piece,
1619,1,775,BRIEF-ROYAL -80,,35,52,,,NULL,13,0,23-10-19 0:29,,Piece,
1620,1,776,BRIEF-ROYAL -85,,35,52,,,NULL,13,0,24-10-19 0:29,,Piece,
1621,1,777,BRIEF-ROYAL -90,,35,52,,,NULL,11,0,25-10-19 0:29,,Piece,
1622,1,778,BRIEF-ROYAL -95,,36,54,,,NULL,9,0,26-10-19 0:29,,Piece,
1623,1,779,BRIEF-ROYAL -100,,36,54,,,NULL,8,0,27-10-19 0:29,,Piece,
1624,1,780,BRIEF-PONNI -80,,50,75,,,NULL,11,0,28-10-19 0:29,,Piece,
1625,1,785,BRIEF-PONNI -85,,50,75,,,NULL,3,0,29-10-19 0:29,,Piece,
1626,1,786,BRIEF-PONNI -90,,50,75,,,NULL,2,0,30-10-19 0:29,,Piece,
1627,1,787,BRIEF-KELTEX -75,,47,70,,,NULL,7,0,31-10-19 0:29,,Piece,
1628,1,788,BRIEF-KELTEX -80,,47,70,,,NULL,18,0,01-11-19 0:29,,Piece,
1629,1,789,BRIEF-KELTEX -85,,47,70,,,NULL,7,0,02-11-19 0:29,,Piece,
1630,1,790,BRIEF-KELTEX -90,,47,70,,,NULL,8,0,03-11-19 0:29,,Piece,
1631,1,791,BRIEF-KELTEX -95,,48,72,,,NULL,2,0,04-11-19 0:29,,Piece,
1632,1,792,BRIEF-KELTEX -100,,48,72,,,NULL,5,0,05-11-19 0:29,,Piece,
1633,1,793,BRIEF-KELTEX -60,,33,50,,,NULL,14,0,06-11-19 0:29,,Piece,
1634,1,794,BRIEF-KELTEX -65,,33,50,,,NULL,16,0,07-11-19 0:29,,Piece,
1635,1,795,BRIEF-KELTEX -70,,47,70,,,NULL,8,0,08-11-19 0:29,,Piece,
1636,1,796,BRIEF-KELTEX -TRUNK-80,,59,88,,,NULL,2,0,09-11-19 0:29,,Piece,
1637,1,797,BRIEF-KELTEX -TRUNK-85,,59,88,,,NULL,3,0,10-11-19 0:29,,Piece,
1638,1,798,BRIEF-KELTEX -TRUNK-90,,59,88,,,NULL,7,0,11-11-19 0:29,,Piece,
1639,1,799,BRIEF-KELTEX -TRUNK-95,,67,100,,,NULL,6,0,12-11-19 0:29,,Piece,
1640,1,800,BRIEF-KELTEX -TRUNK-100,,67,100,,,NULL,6,0,13-11-19 0:29,,Piece,
1641,1,801,BRIEF-KELTEX -TRUNK-80,,63,95,,,NULL,6,0,14-11-19 0:29,,Piece,
1642,1,802,BRIEF-KELTEX -TRUNK-85,,63,95,,,NULL,0,0,15-11-19 0:29,,Piece,
1643,1,803,BRIEF-KELTEX -TRUNK-90,,63,95,,,NULL,11,0,16-11-19 0:29,,Piece,
1644,1,804,BRIEF-KELTEX -TRUNK-95,,65,97,,,NULL,12,0,17-11-19 0:29,,Piece,
1645,1,805,BRIEF-KELTEX -TRUNK-100,,65,97,,,NULL,9,0,18-11-19 0:29,,Piece,
1646,1,806,BRIEF-RIXO-MAGIC-80,,53,80,,,NULL,7,0,19-11-19 0:29,,Piece,
1647,1,807,BRIEF-RIXO-MAGIC-85,,53,80,,,NULL,11,0,20-11-19 0:29,,Piece,
1648,1,808,BRIEF-RIXO-MAGIC-90,,53,80,,,NULL,7,0,21-11-19 0:29,,Piece,
1649,1,809,BRIEF-RIXO-POWER-85,,83,125,,,NULL,13,0,22-11-19 0:29,,Piece,
1650,1,810,BRIEF-RIXO-POWER-90,,83,125,,,NULL,19,0,23-11-19 0:29,,Piece,
1651,1,811,BRIEF-RIXO-STYLO-85,,73,110,,,NULL,14,0,24-11-19 0:29,,Piece,
1652,1,812,BRIEF-RIXO-STYLO-85,,73,110,,,NULL,13,0,25-11-19 0:29,,Piece,
1653,1,813,BRIEF-RIXO-STYLO-90,,73,110,,,NULL,2,0,26-11-19 0:29,,Piece,
1654,1,814,BRIEF-RIXO-TRUNK-85,,87,130,,,NULL,15,0,27-11-19 0:29,,Piece,
1655,1,815,BRIEF-RIXO-TRUNK-95,,102,153,,,NULL,7,0,28-11-19 0:29,,Piece,
1656,1,816,BRIEF-MACHO-TRUNK -75,,83,125,,,NULL,9,0,29-11-19 0:29,,Piece,
1657,1,817,BRIEF-MACHO-TRUNK -80,,100,150,,,NULL,7,0,30-11-19 0:29,,Piece,
1658,1,818,BRIEF-MACHO-TRUNK - 85,,100,150,,,NULL,6,0,01-12-19 0:29,,Piece,
1659,1,819,BRIEF-MACHO-80,,83,125,,,NULL,0,0,02-12-19 0:29,,Piece,
1660,1,820,BRIEF-MACHO-85,,83,125,,,NULL,5,0,03-12-19 0:29,,Piece,
1661,1,821,BRIEF-MACHO-90,,83,125,,,NULL,10,0,04-12-19 0:29,,Piece,
1662,1,822,BRIEF-JOCKEY-75,,110,165,,,NULL,7,0,05-12-19 0:29,,Piece,
1663,1,823,BRIEF-JOCKEY-L,,110,165,,,NULL,5,0,06-12-19 0:29,,Piece,
1664,1,824,BRIEF-JOCKEY-L,,100,150,,,NULL,8,0,07-12-19 0:29,,Piece,
1665,1,825,BRIEF-JOCKEY-XL,,116,174,,,NULL,9,0,08-12-19 0:29,,Piece,
1666,1,826,BRIEF-JOCKEY-S,,133,199,,,NULL,9,0,09-12-19 0:29,,Piece,
1667,1,827,BRIEF-JOCKEY-M,,140,210,,,NULL,2,0,10-12-19 0:29,,Piece,
1668,1,828,BRIEF-JOCKEY-95,,140,210,,,NULL,4,0,11-12-19 0:29,,Piece,
1669,1,829,BRIEF-JOCKEY-TRUNK-XL,,123,184,,,NULL,5,0,12-12-19 0:29,,Piece,
1670,1,830,BRIEF-ROYAL-45,,16,24,,,NULL,11,0,13-12-19 0:29,,Piece,
1671,1,831,BRIEF-ROYAL-50,,16,24,,,NULL,10,0,14-12-19 0:29,,Piece,
1672,1,832,BRIEF-ROYAL-55,,16,24,,,NULL,9,0,15-12-19 0:29,,Piece,
1673,1,833,BRIEF-ROYAL-60,,17,26,,,NULL,17,0,16-12-19 0:29,,Piece,
1674,1,834,BRIEF-ROYAL-65,,20,30,,,NULL,23,0,17-12-19 0:29,,Piece,
1675,1,835,BRIEF-ROYAL-65,,23,35,,,NULL,12,0,18-12-19 0:29,,Piece,
1676,1,836,BRIEF-ROYAL-70,,23,35,,,NULL,10,0,19-12-19 0:29,,Piece,
1677,1,837,BRIEF-ROYAL-50,,23,35,,,NULL,12,0,20-12-19 0:29,,Piece,
1678,1,838,BRIEF-ROYAL-55,,23,35,,,NULL,10,0,21-12-19 0:29,,Piece,
1679,1,839,BRIEF-ROYAL-60,,23,35,,,NULL,10,0,22-12-19 0:29,,Piece,
1680,1,840,BRIEF-ROYAL-65,,23,35,,,NULL,12,0,23-12-19 0:29,,Piece,
1681,1,841,BRIEF-ROYAL-70,,23,35,,,NULL,12,0,24-12-19 0:29,,Piece,
1682,1,842,BRIEFPONNI-60,,20,30,,,NULL,8,0,25-12-19 0:29,,Piece,
1683,1,843,BRIEFPONNI-65,,20,30,,,NULL,10,0,26-12-19 0:29,,Piece,
1684,1,844,BRIEFPONNI-70,,20,30,,,NULL,10,0,27-12-19 0:29,,Piece,
1685,1,845,BRIEF-ROYAL-60,,28,42,,,NULL,11,0,28-12-19 0:29,,Piece,
1686,1,846,BRIEF-ROYAL-60,,30,45,,,NULL,10,0,29-12-19 0:29,,Piece,
1687,1,847,BRIEF-JOCKEY-M,,133,199,,,NULL,10,0,30-12-19 0:29,,Piece,
1688,1,848,BRIEF-KELTEX -DRAWER-50,,23,35,,,NULL,10,0,31-12-19 0:29,,Piece,
1689,1,849,BRIEF-KELTEX -DRAWER-55,,23,35,,,NULL,12,0,01-01-20 0:29,,Piece,
1690,1,850,BRIEF-KELTEX -DRAWER-65,,25,37,,,NULL,12,0,02-01-20 0:29,,Piece,
1691,1,851,BRIEF-KELTEX -DRAWER-70,,25,37,,,NULL,7,0,03-01-20 0:29,,Piece,
1692,1,852,VEST-KELTEX-RN-50,,25,38,,,NULL,8,0,04-01-20 0:29,,Piece,
1693,1,853,VEST-KELTEX-RN-55,,24,36,,,NULL,5,0,05-01-20 0:29,,Piece,
1694,1,854,VEST-KELTEX-RN-60,,25,38,,,NULL,14,0,06-01-20 0:29,,Piece,
1695,1,855,VEST-KELTEX-RN-65,,25,38,,,NULL,13,0,07-01-20 0:29,,Piece,
1696,1,856,VEST-KELTEX-RN-70,,25,38,,,NULL,6,0,08-01-20 0:29,,Piece,
1697,1,857,VEST-KELTEX-RN-75,,47,70,,,NULL,7,0,09-01-20 0:29,,Piece,
1698,1,858,VEST-KELTEX-RN-80,,47,70,,,NULL,15,0,10-01-20 0:29,,Piece,
1699,1,859,VEST-KELTEX-RN-85,,47,70,,,NULL,5,0,11-01-20 0:29,,Piece,
1700,1,860,VEST-KELTEX-RN-90,,47,70,,,NULL,14,0,12-01-20 0:29,,Piece,
1701,1,861,VEST-KELTEX-RN-95,,47,70,,,NULL,9,0,13-01-20 0:29,,Piece,
1702,1,862,VEST-KELTEX-RN-100,,47,70,,,NULL,9,0,14-01-20 0:29,,Piece,
1703,1,863,VEST-KELTEX-RNS-75,,57,86,,,NULL,8,0,15-01-20 0:29,,Piece,
1704,1,864,VEST-KELTEX-RNS-80,,57,86,,,NULL,7,0,16-01-20 0:29,,Piece,
1705,1,865,VEST-KELTEX-RNS-85,,57,86,,,NULL,4,0,17-01-20 0:29,,Piece,
1706,1,866,VEST-KELTEX-RNS-90,,57,86,,,NULL,8,0,18-01-20 0:29,,Piece,
1707,1,867,VEST-KELTEX-RNS-95,,57,86,,,NULL,8,0,19-01-20 0:29,,Piece,
1708,1,868,VEST-KELTEX-RNS-100,,57,86,,,NULL,7,0,20-01-20 0:29,,Piece,
1709,1,869,VEST-KELTEX-RN-80(COLOR),,53,80,,,NULL,10,0,21-01-20 0:29,,Piece,
1710,1,870,VEST-KELTEX-RN-85(COLOR),,53,80,,,NULL,12,0,22-01-20 0:29,,Piece,
1711,1,871,VEST-KELTEX-RN-90(COLOR),,53,80,,,NULL,10,0,23-01-20 0:29,,Piece,
1712,1,872,VEST-KELTEX-RNS-80(COLOR),,65,98,,,NULL,11,0,24-01-20 0:29,,Piece,
1713,1,873,VEST-KELTEX-RNS-85(COLOR),,65,98,,,NULL,11,0,25-01-20 0:29,,Piece,
1714,1,874,VEST-KELTEX-RNS-80(COLOR),,83,125,,,NULL,4,0,26-01-20 0:29,,Piece,
1715,1,875,VEST-KELTEX-RNS-85(COLOR),,83,125,,,NULL,4,0,27-01-20 0:29,,Piece,
1716,1,876,VEST-KELTEX-RNS-90(COLOR),,83,125,,,NULL,5,0,28-01-20 0:29,,Piece,
1717,1,877,VEST-RIXO-RN-75,,73,110,,,NULL,10,0,29-01-20 0:29,,Piece,
1718,1,878,VEST-RIXO-RN-80,,73,110,,,NULL,18,0,30-01-20 0:29,,Piece,
1719,1,879,VEST-RIXO-RN-85,,73,110,,,NULL,6,0,31-01-20 0:29,,Piece,
1720,1,880,VEST-RIXO-RN-90,,73,110,,,NULL,9,0,01-02-20 0:29,,Piece,
1721,1,881,VEST-RIXO-RN-95,,73,110,,,NULL,10,0,02-02-20 0:29,,Piece,
1722,1,882,VEST-RIXO-RNS-80,,83,125,,,NULL,10,0,03-02-20 0:29,,Piece,
1723,1,883,VEST-RIXO-RNS-85,,83,125,,,NULL,16,0,04-02-20 0:29,,Piece,
1724,1,884,VEST-RIXO-RNS-90,,83,125,,,NULL,8,0,05-02-20 0:29,,Piece,
1725,1,885,VEST-RIXO-RNS-95,,83,125,,,NULL,11,0,06-02-20 0:29,,Piece,
1726,1,886,SIMMIES-YUVARAJ-75,,50,75,,,NULL,10,0,07-02-20 0:29,,Piece,
1727,1,887,SIMMIES-YUVARAJ-90,,50,75,,,NULL,9,0,08-02-20 0:29,,Piece,
1728,1,888,SIMMIES-BRASLIP-100,,66,99,,,NULL,11,0,09-02-20 0:29,,Piece,
1729,1,889,SHIRT & TROUSER SET,,253,380,,,NULL,2,0,10-02-20 0:29,,Piece,
1730,1,890,SHIRT & TROUSER SET,,260,390,,,NULL,3,0,11-02-20 0:29,,Piece,
1731,1,891,FROKE,,673,1010,,,NULL,6,0,12-02-20 0:29,,Piece,
1732,1,892,FROKE,,867,1300,,,NULL,5,0,13-02-20 0:29,,Piece,
1733,1,893,FROKE,,583,875,,,NULL,4,0,14-02-20 0:29,,Piece,
1734,1,894,FROKE,,620,930,,,NULL,3,0,15-02-20 0:29,,Piece,
1735,1,895,KAVI-SHALL,,53,80,,,NULL,19,0,16-02-20 0:29,,Piece,
1736,1,896,BLACK SAREE,,197,295,,,NULL,3,0,17-02-20 0:29,,Piece,
1737,1,897,BLOUSE BIT-POLISTER,,33,50,,,NULL,23,0,18-02-20 0:29,,Piece,
1738,1,898,BLOUSE BIT,,73,110,,,NULL,24,0,19-02-20 0:29,,Piece,
1739,1,899,BRA-LILLY-90,,60,90,,,NULL,12,0,20-02-20 0:29,,Piece,
1740,1,900,SHERVANI-22,,300,450,,,NULL,2,0,21-02-20 0:29,,Piece,
1741,1,901,SHERVANI-24,,300,450,,,NULL,1,0,22-02-20 0:29,,Piece,
1742,1,902,SHERVANI-26,,300,450,,,NULL,1,0,23-02-20 0:29,,Piece,
1743,1,903,SHERVANI-28,,300,450,,,NULL,2,0,24-02-20 0:29,,Piece,
1744,1,904,SHERVANI-30,,300,450,,,NULL,2,0,25-02-20 0:29,,Piece,
1745,1,905,SHERVANI-32,,300,450,,,NULL,6,0,26-02-20 0:29,,Piece,
1746,1,906,SHERVANI-34,,380,570,,,NULL,6,0,27-02-20 0:29,,Piece,
